hostname,unicode_hostname,registrable_domain
123.com.ye,123.com.ye,123.com.ye
13june-corp.com.ye,13june-corp.com.ye,13june-corp.com.ye
14october.com.ye,14october.com.ye,14october.com.ye
189.gov.ye,189.gov.ye,189.gov.ye
189.ye,189.ye,189.ye
1annajmplus.annajmplus.com.ye,1annajmplus.annajmplus.com.ye,annajmplus.com.ye
1st-b.com.ye,1st-b.com.ye,1st-b.com.ye
21umas.edu.ye,21umas.edu.ye,21umas.edu.ye
22may.hospital.ye,22may.hospital.ye,22may.hospital.ye
3allimni.ye,3allimni.ye,3allimni.ye
3d.com.ye,3d.com.ye,3d.com.ye
4dimensions.com.ye,4dimensions.com.ye,4dimensions.com.ye
7july.edu.ye,7july.edu.ye,7july.edu.ye
7october.com.ye,7october.com.ye,7october.com.ye
aaec.com.ye,aaec.com.ye,aaec.com.ye
aau.edu.ye,aau.edu.ye,aau.edu.ye
abiyemen.com.ye,abiyemen.com.ye,abiyemen.com.ye
abo-ragheb.com.ye,abo-ragheb.com.ye,abo-ragheb.com.ye
abofuad.com.ye,abofuad.com.ye,abofuad.com.ye
abojameel.com.ye,abojameel.com.ye,abojameel.com.ye
abomajed.com.ye,abomajed.com.ye,abomajed.com.ye
abomiskahmauawad.com.ye,abomiskahmauawad.com.ye,abomiskahmauawad.com.ye
aboos.org.ye,aboos.org.ye,aboos.org.ye
abpco.com.ye,abpco.com.ye,abpco.com.ye
abu-laith.y.net.ye,abu-laith.y.net.ye,y.net.ye
abunabgroup.com.ye,abunabgroup.com.ye,abunabgroup.com.ye
abusits.yemen.net.ye,abusits.yemen.net.ye,yemen.net.ye
abuyasser-bros.com.ye,abuyasser-bros.com.ye,abuyasser-bros.com.ye
academic.su.edu.ye,academic.su.edu.ye,su.edu.ye
academy.bonyan.org.ye,academy.bonyan.org.ye,bonyan.org.ye
acf.gov.ye,acf.gov.ye,acf.gov.ye
acp.com.ye,acp.com.ye,acp.com.ye
acp.y.net.ye,acp.y.net.ye,y.net.ye
actnow.org.ye,actnow.org.ye,actnow.org.ye
acu.org.ye,acu.org.ye,acu.org.ye
aden.com.ye,aden.com.ye,aden.com.ye
aden.gov.ye,aden.gov.ye,aden.gov.ye
adencement.com.ye,adencement.com.ye,adencement.com.ye
adencomplex.com.ye,adencomplex.com.ye,adencomplex.com.ye
adengiu.edu.ye,adengiu.edu.ye,adengiu.edu.ye
adenradio.gov.ye,adenradio.gov.ye,adenradio.gov.ye
adentv.ye,adentv.ye,adentv.ye
admin.ufafpi.ye,admin.ufafpi.ye,ufafpi.ye
admin.yemen-tv.net.ye,admin.yemen-tv.net.ye,yemen-tv.net.ye
adn.com.ye,adn.com.ye,adn.com.ye
adnanco.com.ye,adnanco.com.ye,adnanco.com.ye
adqa.21umas.edu.ye,adqa.21umas.edu.ye,21umas.edu.ye
adro.org.ye,adro.org.ye,adro.org.ye
adsl.yemen.net.ye,adsl.yemen.net.ye,yemen.net.ye
adveva.ye,adveva.ye,adveva.ye
aero.ye,aero.ye,aero.ye
aeticc.com.ye,aeticc.com.ye,aeticc.com.ye
afmis.gov.ye,afmis.gov.ye,afmis.gov.ye
afrah.y.net.ye,afrah.y.net.ye,y.net.ye
afy.gov.ye,afy.gov.ye,afy.gov.ye
aghhajjah.gov.ye,aghhajjah.gov.ye,aghhajjah.gov.ye
agip.com.ye,agip.com.ye,agip.com.ye
agoye.gov.ye,agoye.gov.ye,agoye.gov.ye
agriculturalguide.com.ye,agriculturalguide.com.ye,agriculturalguide.com.ye
agriculture.gov.ye,agriculture.gov.ye,agriculture.gov.ye
ahd.com.ye,ahd.com.ye,ahd.com.ye
ahgaff.com.ye,ahgaff.com.ye,ahgaff.com.ye
ahgaff.edu.ye,ahgaff.edu.ye,ahgaff.edu.ye
ahi-motors.com.ye,ahi-motors.com.ye,ahi-motors.com.ye
ahkagroup.com.ye,ahkagroup.com.ye,ahkagroup.com.ye
ahm.com.ye,ahm.com.ye,ahm.com.ye
ahm.ye,ahm.ye,ahm.ye
ahmar.com.ye,ahmar.com.ye,ahmar.com.ye
aic.com.ye,aic.com.ye,aic.com.ye
airtransport.gov.ye,airtransport.gov.ye,airtransport.gov.ye
ajnadeenpharma.com.ye,ajnadeenpharma.com.ye,ajnadeenpharma.com.ye
akgpo.com.ye,akgpo.com.ye,akgpo.com.ye
akram.hoduniv.net.ye,akram.hoduniv.net.ye,hoduniv.net.ye
akram.testcp.net.ye,akram.testcp.net.ye,testcp.net.ye
al-andalos.com.ye,al-andalos.com.ye,al-andalos.com.ye
al-dhurasiperfumes.com.ye,al-dhurasiperfumes.com.ye,al-dhurasiperfumes.com.ye
al-emadfoundation.com.ye,al-emadfoundation.com.ye,al-emadfoundation.com.ye
al-fath.com.ye,al-fath.com.ye,al-fath.com.ye
al-fursan.com.ye,al-fursan.com.ye,al-fursan.com.ye
al-kaisfirm.com.ye,al-kaisfirm.com.ye,al-kaisfirm.com.ye
al-mamoon.y.net.ye,al-mamoon.y.net.ye,y.net.ye
al-mutameizahe.com.ye,al-mutameizahe.com.ye,al-mutameizahe.com.ye
al-rashed.com.ye,al-rashed.com.ye,al-rashed.com.ye
aladelcorp.com.ye,aladelcorp.com.ye,aladelcorp.com.ye
alafaq.edu.ye,alafaq.edu.ye,alafaq.edu.ye
alafari.y.net.ye,alafari.y.net.ye,y.net.ye
alafif.y.net.ye,alafif.y.net.ye,y.net.ye
alahlasi.com.ye,alahlasi.com.ye,alahlasi.com.ye
alahliawater.com.ye,alahliawater.com.ye,alahliawater.com.ye
alahlyahpharma.com.ye,alahlyahpharma.com.ye,alahlyahpharma.com.ye
alahmar.com.ye,alahmar.com.ye,alahmar.com.ye
alahwal.com.ye,alahwal.com.ye,alahwal.com.ye
alaidrousexchange.com.ye,alaidrousexchange.com.ye,alaidrousexchange.com.ye
alalamiyahexp.com.ye,alalamiyahexp.com.ye,alalamiyahexp.com.ye
alamalbank.com.ye,alamalbank.com.ye,alamalbank.com.ye
alameen.ye,alameen.ye,alameen.ye
alamjad.edu.ye,alamjad.edu.ye,alamjad.edu.ye
alanqa.com.ye,alanqa.com.ye,alanqa.com.ye
alarabiagroup.com.ye,alarabiagroup.com.ye,alarabiagroup.com.ye
alarabuni.edu.ye,alarabuni.edu.ye,alarabuni.edu.ye
alaskari.com.ye,alaskari.com.ye,alaskari.com.ye
alaskari.net.ye,alaskari.net.ye,alaskari.net.ye
alataa.com.ye,alataa.com.ye,alataa.com.ye
alataamedical.com.ye,alataamedical.com.ye,alataamedical.com.ye
alatta.org.ye,alatta.org.ye,alatta.org.ye
alawaelsmart.com.ye,alawaelsmart.com.ye,alawaelsmart.com.ye
alayzour-store.net.ye,alayzour-store.net.ye,alayzour-store.net.ye
albaath.ye,albaath.ye,albaath.ye
albadjiexchange.com.ye,albadjiexchange.com.ye,albadjiexchange.com.ye
albaidany.com.ye,albaidany.com.ye,albaidany.com.ye
albarakacenter.com.ye,albarakacenter.com.ye,albarakacenter.com.ye
albasha.com.ye,albasha.com.ye,albasha.com.ye
albaydhahis.gov.ye,albaydhahis.gov.ye,albaydhahis.gov.ye
albayyinat.net.ye,albayyinat.net.ye,albayyinat.net.ye
albayynat.net.ye,albayynat.net.ye,albayynat.net.ye
albidaniex.ye,albidaniex.ye,albidaniex.ye
albilad-exch.com.ye,albilad-exch.com.ye,albilad-exch.com.ye
alcaontelecom.com.ye,alcaontelecom.com.ye,alcaontelecom.com.ye
alcomobile.com.ye,alcomobile.com.ye,alcomobile.com.ye
aldhurasi-est.com.ye,aldhurasi-est.com.ye,aldhurasi-est.com.ye
aldowah.com.ye,aldowah.com.ye,aldowah.com.ye
alemantv.net.ye,alemantv.net.ye,alemantv.net.ye
alemantv.ye,alemantv.ye,alemantv.ye
alenbehar.com.ye,alenbehar.com.ye,alenbehar.com.ye
alertiqa.edu.ye,alertiqa.edu.ye,alertiqa.edu.ye
alevapharma.com.ye,alevapharma.com.ye,alevapharma.com.ye
alezzpharma.com.ye,alezzpharma.com.ye,alezzpharma.com.ye
alfa.com.ye,alfa.com.ye,alfa.com.ye
alfahadsecurity.com.ye,alfahadsecurity.com.ye,alfahadsecurity.com.ye
alfaisal-med.com.ye,alfaisal-med.com.ye,alfaisal-med.com.ye
alfanar.com.ye,alfanar.com.ye,alfanar.com.ye
alfaresgroup.com.ye,alfaresgroup.com.ye,alfaresgroup.com.ye
alfaress.com.ye,alfaress.com.ye,alfaress.com.ye
alforatyemen.com.ye,alforatyemen.com.ye,alforatyemen.com.ye
algarmani.com.ye,algarmani.com.ye,algarmani.com.ye
algeni.com.ye,algeni.com.ye,algeni.com.ye
alghadir.com.ye,alghadir.com.ye,alghadir.com.ye
algharasi.y.net.ye,algharasi.y.net.ye,y.net.ye
algossteel.com.ye,algossteel.com.ye,algossteel.com.ye
algumhorihosp-san.gov.ye,algumhorihosp-san.gov.ye,algumhorihosp-san.gov.ye
alhabbari.com.ye,alhabbari.com.ye,alhabbari.com.ye
alhadatha.com.ye,alhadatha.com.ye,alhadatha.com.ye
alhajajigroup.ye,alhajajigroup.ye,alhajajigroup.ye
alhajjiexchange.com.ye,alhajjiexchange.com.ye,alhajjiexchange.com.ye
alhasel-ti.com.ye,alhasel-ti.com.ye,alhasel-ti.com.ye
alhashdico.com.ye,alhashdico.com.ye,alhashdico.com.ye
alhazmiex1.com.ye,alhazmiex1.com.ye,alhazmiex1.com.ye
alhezmi.com.ye,alhezmi.com.ye,alhezmi.com.ye
alhitarex.ye,alhitarex.ye,alhitarex.ye
alhubishicenter.com.ye,alhubishicenter.com.ye,alhubishicenter.com.ye
alhudaydahradio.net.ye,alhudaydahradio.net.ye,alhudaydahradio.net.ye
aljabalconsole.com.ye,aljabalconsole.com.ye,aljabalconsole.com.ye
aljabha.moj.gov.ye,aljabha.moj.gov.ye,moj.gov.ye
aljaifi.com.ye,aljaifi.com.ye,aljaifi.com.ye
aljamalitest.com.ye,aljamalitest.com.ye,aljamalitest.com.ye
aljawf.gov.ye,aljawf.gov.ye,aljawf.gov.ye
aljazeeraibb.edu.ye,aljazeeraibb.edu.ye,aljazeeraibb.edu.ye
aljohn.com.ye,aljohn.com.ye,aljohn.com.ye
aljowf-friends.org.ye,aljowf-friends.org.ye,aljowf-friends.org.ye
alkabsh.com.ye,alkabsh.com.ye,alkabsh.com.ye
alkantop.com.ye,alkantop.com.ye,alkantop.com.ye
alkawniapharma.com.ye,alkawniapharma.com.ye,alkawniapharma.com.ye
alkboos.com.ye,alkboos.com.ye,alkboos.com.ye
alkirshi.com.ye,alkirshi.com.ye,alkirshi.com.ye
almadar.ye,almadar.ye,almadar.ye
almajara.com.ye,almajara.com.ye,almajara.com.ye
almanhal.hsa.com.ye,almanhal.hsa.com.ye,hsa.com.ye
almansoob.com.ye,almansoob.com.ye,almansoob.com.ye
almarkazia.com.ye,almarkazia.com.ye,almarkazia.com.ye
almasirah.net.ye,almasirah.net.ye,almasirah.net.ye
almasirah.ye,almasirah.ye,almasirah.ye
almawaddahhospital.com.ye,almawaddahhospital.com.ye,almawaddahhospital.com.ye
almergab.com.ye,almergab.com.ye,almergab.com.ye
almillion.com.ye,almillion.com.ye,almillion.com.ye
almizantrading.com.ye,almizantrading.com.ye,almizantrading.com.ye
almoheebex.com.ye,almoheebex.com.ye,almoheebex.com.ye
almontab.com.ye,almontab.com.ye,almontab.com.ye
almoqritrade.com.ye,almoqritrade.com.ye,almoqritrade.com.ye
almutakamila.com.ye,almutakamila.com.ye,almutakamila.com.ye
almutakamila.ye,almutakamila.ye,almutakamila.ye
alnada.com.ye,alnada.com.ye,alnada.com.ye
alnadacenter.com.ye,alnadacenter.com.ye,alnadacenter.com.ye
alnafisuni.edu.ye,alnafisuni.edu.ye,alnafisuni.edu.ye
alnahdah.org.ye,alnahdah.org.ye,alnahdah.org.ye
alnamer.com.ye,alnamer.com.ye,alnamer.com.ye
alnamsapharma.com.ye,alnamsapharma.com.ye,alnamsapharma.com.ye
alnasim.com.ye,alnasim.com.ye,alnasim.com.ye
alnasserbros.com.ye,alnasserbros.com.ye,alnasserbros.com.ye
alnasserdf.org.ye,alnasserdf.org.ye,alnasserdf.org.ye
alnasserexchange.com.ye,alnasserexchange.com.ye,alnasserexchange.com.ye
alnazihpharma.com.ye,alnazihpharma.com.ye,alnazihpharma.com.ye
alnehmigroup.ye,alnehmigroup.ye,alnehmigroup.ye
alnoorest.com.ye,alnoorest.com.ye,alnoorest.com.ye
alnuzaily.edu.ye,alnuzaily.edu.ye,alnuzaily.edu.ye
alosboa.y.net.ye,alosboa.y.net.ye,y.net.ye
alothaib.com.ye,alothaib.com.ye,alothaib.com.ye
alqdhaeih.moj.gov.ye,alqdhaeih.moj.gov.ye,moj.gov.ye
alquranalkareem.ye,alquranalkareem.ye,alquranalkareem.ye
alqureetrading.ye,alqureetrading.ye,alqureetrading.ye
alrabwah.com.ye,alrabwah.com.ye,alrabwah.com.ye
alraialaam.com.ye,alraialaam.com.ye,alraialaam.com.ye
alrawdaex.ye,alrawdaex.ye,alrawdaex.ye
alrayan-university.edu.ye,alrayan-university.edu.ye,alrayan-university.edu.ye
alraziuni.edu.ye,alraziuni.edu.ye,alraziuni.edu.ye
alrehab.com.ye,alrehab.com.ye,alrehab.com.ye
alrowaduni.edu.ye,alrowaduni.edu.ye,alrowaduni.edu.ye
alrwadcollege.edu.ye,alrwadcollege.edu.ye,alrwadcollege.edu.ye
alsaedahrawdah.com.ye,alsaedahrawdah.com.ye,alsaedahrawdah.com.ye
alsaeed.com.ye,alsaeed.com.ye,alsaeed.com.ye
alsaeeda.com.ye,alsaeeda.com.ye,alsaeeda.com.ye
alsaeeduni.edu.ye,alsaeeduni.edu.ye,alsaeeduni.edu.ye
alsahattv.com.ye,alsahattv.com.ye,alsahattv.com.ye
alsahattv.net.ye,alsahattv.net.ye,alsahattv.net.ye
alsalehssfd.org.ye,alsalehssfd.org.ye,alsalehssfd.org.ye
alsalehuni.edu.ye,alsalehuni.edu.ye,alsalehuni.edu.ye
alsewarri.com.ye,alsewarri.com.ye,alsewarri.com.ye
alshaimagrp.ye,alshaimagrp.ye,alshaimagrp.ye
alshami.com.ye,alshami.com.ye,alshami.com.ye
alshamilawfirm.law.ye,alshamilawfirm.law.ye,alshamilawfirm.law.ye
alshefa-import.com.ye,alshefa-import.com.ye,alshefa-import.com.ye
alsheharymedical.com.ye,alsheharymedical.com.ye,alsheharymedical.com.ye
alshmoa.com.ye,alshmoa.com.ye,alshmoa.com.ye
alsuraihigroup.com.ye,alsuraihigroup.com.ye,alsuraihigroup.com.ye
alsyasiah.ye,alsyasiah.ye,alsyasiah.ye
altaf.org.ye,altaf.org.ye,altaf.org.ye
altamimigroup.com.ye,altamimigroup.com.ye,altamimigroup.com.ye
altarbiapress.com.ye,altarbiapress.com.ye,altarbiapress.com.ye
althaqafiah.y.net.ye,althaqafiah.y.net.ye,y.net.ye
althawabit.y.net.ye,althawabit.y.net.ye,y.net.ye
althawra.gov.ye,althawra.gov.ye,althawra.gov.ye
althawrah.ye,althawrah.ye,althawrah.ye
althawrati.edu.ye,althawrati.edu.ye,althawrati.edu.ye
althawry.org.ye,althawry.org.ye,althawry.org.ye
altuhaifgroup.com.ye,altuhaifgroup.com.ye,altuhaifgroup.com.ye
alumni.alraziuni.edu.ye,alumni.alraziuni.edu.ye,alraziuni.edu.ye
alumni.qau.edu.ye,alumni.qau.edu.ye,qau.edu.ye
alumniclub.ye,alumniclub.ye,alumniclub.ye
alwahashy.com.ye,alwahashy.com.ye,alwahashy.com.ye
alwahda.com.ye,alwahda.com.ye,alwahda.com.ye
alwahda.gov.ye,alwahda.gov.ye,alwahda.gov.ye
alwahdawi.y.net.ye,alwahdawi.y.net.ye,y.net.ye
alwaleedconsultancy.com.ye,alwaleedconsultancy.com.ye,alwaleedconsultancy.com.ye
alwhed.com.ye,alwhed.com.ye,alwhed.com.ye
alyemenalsaeed.net.ye,alyemenalsaeed.net.ye,alyemenalsaeed.net.ye
alyousef.com.ye,alyousef.com.ye,alyousef.com.ye
alzubaidi.net.ye,alzubaidi.net.ye,alzubaidi.net.ye
alzubairiaa.com.ye,alzubairiaa.com.ye,alzubairiaa.com.ye
amadeus.com.ye,amadeus.com.ye,amadeus.com.ye
amalikgc.com.ye,amalikgc.com.ye,amalikgc.com.ye
aman.hospital.ye,aman.hospital.ye,aman.hospital.ye
amana.ye,amana.ye,amana.ye
amanaedu.gov.ye,amanaedu.gov.ye,amanaedu.gov.ye
amb.com.ye,amb.com.ye,amb.com.ye
ambitaliasanaa.org.ye,ambitaliasanaa.org.ye,ambitaliasanaa.org.ye
americanschool.com.ye,americanschool.com.ye,americanschool.com.ye
amerycash.com.ye,amerycash.com.ye,amerycash.com.ye
amext.com.ye,amext.com.ye,amext.com.ye
amlcft.gov.ye,amlcft.gov.ye,amlcft.gov.ye
amranhealth.gov.ye,amranhealth.gov.ye,amranhealth.gov.ye
ams.com.ye,ams.com.ye,ams.com.ye
amte.com.ye,amte.com.ye,amte.com.ye
amu.edu.ye,amu.edu.ye,amu.edu.ye
ana.com.ye,ana.com.ye,ana.com.ye
anas.y.net.ye,anas.y.net.ye,y.net.ye
and.com.ye,and.com.ye,and.com.ye
annajm.com.ye,annajm.com.ye,annajm.com.ye
annajmmobily.com.ye,annajmmobily.com.ye,annajmmobily.com.ye
annajmplus.annajmplus.com.ye,annajmplus.annajmplus.com.ye,annajmplus.com.ye
annajmplus.com.ye,annajmplus.com.ye,annajmplus.com.ye
annajmplus.ye,annajmplus.ye,annajmplus.ye
ansarollah.com.ye,ansarollah.com.ye,ansarollah.com.ye
anwar.com.ye,anwar.com.ye,anwar.com.ye
aofta.y.net.ye,aofta.y.net.ye,y.net.ye
aoman.com.ye,aoman.com.ye,aoman.com.ye
apcra.srs-mohe.gov.ye,apcra.srs-mohe.gov.ye,srs-mohe.gov.ye
api.21umas.edu.ye,api.21umas.edu.ye,21umas.edu.ye
api.sabacash.ye,api.sabacash.ye,sabacash.ye
app-test.smartgate.edu.ye,app-test.smartgate.edu.ye,smartgate.edu.ye
appadmin.su.edu.ye,appadmin.su.edu.ye,su.edu.ye
apply.su.edu.ye,apply.su.edu.ye,su.edu.ye
approvaltelecom.com.ye,approvaltelecom.com.ye,approvaltelecom.com.ye
apps.mot.gov.ye,apps.mot.gov.ye,mot.gov.ye
appservice.su.edu.ye,appservice.su.edu.ye,su.edu.ye
apptech.com.ye,apptech.com.ye,apptech.com.ye
aqar.ye,aqar.ye,aqar.ye
ar-rasheed.edu.ye,ar-rasheed.edu.ye,ar-rasheed.edu.ye
ar.hocc.gov.ye,ar.hocc.gov.ye,hocc.gov.ye
ar.yemen.net.ye,ar.yemen.net.ye,yemen.net.ye
arab-expert.com.ye,arab-expert.com.ye,arab-expert.com.ye
arabfuturehorizn.com.ye,arabfuturehorizn.com.ye,arabfuturehorizn.com.ye
arabiafelix.com.ye,arabiafelix.com.ye,arabiafelix.com.ye
arafat2.y-fpd.org.ye,arafat2.y-fpd.org.ye,y-fpd.org.ye
arcc.com.ye,arcc.com.ye,arcc.com.ye
ardap.y.net.ye,ardap.y.net.ye,y.net.ye
ardnit.com.ye,ardnit.com.ye,ardnit.com.ye
area.gov.ye,area.gov.ye,area.gov.ye
arg.hoduniv.net.ye,arg.hoduniv.net.ye,hoduniv.net.ye
arrayamedical.com.ye,arrayamedical.com.ye,arrayamedical.com.ye
art.hoduniv.net.ye,art.hoduniv.net.ye,hoduniv.net.ye
arts.ye,arts.ye,arts.ye
arwauniversity.edu.ye,arwauniversity.edu.ye,arwauniversity.edu.ye
asa.com.ye,asa.com.ye,asa.com.ye
asffor.com.ye,asffor.com.ye,asffor.com.ye
askmonther.com.ye,askmonther.com.ye,askmonther.com.ye
assalimi.com.ye,assalimi.com.ye,assalimi.com.ye
ate.com.ye,ate.com.ye,ate.com.ye
ath.gov.ye,ath.gov.ye,ath.gov.ye
atlas.y.net.ye,atlas.y.net.ye,y.net.ye
atlasfishing.com.ye,atlasfishing.com.ye,atlasfishing.com.ye
atme.com.ye,atme.com.ye,atme.com.ye
attabco.com.ye,attabco.com.ye,attabco.com.ye
atwar.com.ye,atwar.com.ye,atwar.com.ye
au-foe.edu.ye,au-foe.edu.ye,au-foe.edu.ye
au.edu.ye,au.edu.ye,au.edu.ye
auc.com.ye,auc.com.ye,auc.com.ye
auhd.edu.ye,auhd.edu.ye,auhd.edu.ye
aust.uni.ye,aust.uni.ye,aust.uni.ye
authmohe.gov.ye,authmohe.gov.ye,authmohe.gov.ye
autodiscover.21umas.edu.ye,autodiscover.21umas.edu.ye,21umas.edu.ye
autodiscover.acu.org.ye,autodiscover.acu.org.ye,acu.org.ye
autodiscover.bst.ye,autodiscover.bst.ye,bst.ye
autodiscover.cama.gov.ye,autodiscover.cama.gov.ye,cama.gov.ye
autodiscover.fiu.gov.ye,autodiscover.fiu.gov.ye,fiu.gov.ye
autodiscover.hoduniv.net.ye,autodiscover.hoduniv.net.ye,hoduniv.net.ye
autodiscover.ibs.edu.ye,autodiscover.ibs.edu.ye,ibs.edu.ye
autodiscover.rashadbohair.com.ye,autodiscover.rashadbohair.com.ye,rashadbohair.com.ye
autodiscover.rashadbohair.ye,autodiscover.rashadbohair.ye,rashadbohair.ye
autodiscover.sa.seiyunu.edu.ye,autodiscover.sa.seiyunu.edu.ye,seiyunu.edu.ye
autodiscover.sabafon.com.ye,autodiscover.sabafon.com.ye,sabafon.com.ye
autodiscover.sbiyemen.com.ye,autodiscover.sbiyemen.com.ye,sbiyemen.com.ye
autodiscover.seiyunu.edu.ye,autodiscover.seiyunu.edu.ye,seiyunu.edu.ye
autodiscover.smeps.org.ye,autodiscover.smeps.org.ye,smeps.org.ye
autodiscover.teleyemen.com.ye,autodiscover.teleyemen.com.ye,teleyemen.com.ye
autodiscover.togetherpharma.com.ye,autodiscover.togetherpharma.com.ye,togetherpharma.com.ye
autodiscover.uqms.edu.ye,autodiscover.uqms.edu.ye,uqms.edu.ye
autodiscover.yemenmobile.com.ye,autodiscover.yemenmobile.com.ye,yemenmobile.com.ye
automanifest.com.ye,automanifest.com.ye,automanifest.com.ye
autoreference.com.ye,autoreference.com.ye,autoreference.com.ye
auy.edu.ye,auy.edu.ye,auy.edu.ye
awade.com.y.net.ye,awade.com.y.net.ye,y.net.ye
awadhicorp.com.ye,awadhicorp.com.ye,awadhicorp.com.ye
awalnet.net.ye,awalnet.net.ye,awalnet.net.ye
awareness.org.ye,awareness.org.ye,awareness.org.ye
awhois.y.net.ye,awhois.y.net.ye,y.net.ye
awmanpay.com.ye,awmanpay.com.ye,awmanpay.com.ye
awqaf.com.ye,awqaf.com.ye,awqaf.com.ye
awqaf.gov.ye,awqaf.gov.ye,awqaf.gov.ye
awqaf.ye,awqaf.ye,awqaf.ye
axi-1.yemen.net.ye,axi-1.yemen.net.ye,yemen.net.ye
axiom.com.ye,axiom.com.ye,axiom.com.ye
aylaoasis.com.ye,aylaoasis.com.ye,aylaoasis.com.ye
ayma.com.ye,ayma.com.ye,ayma.com.ye
azal.edu.ye,azal.edu.ye,azal.edu.ye
azka.com.ye,azka.com.ye,azka.com.ye
azzanpharma.com.ye,azzanpharma.com.ye,azzanpharma.com.ye
badeeb.com.ye,badeeb.com.ye,badeeb.com.ye
bahaj-yemen.com.ye,bahaj-yemen.com.ye,bahaj-yemen.com.ye
bahaj.com.ye,bahaj.com.ye,bahaj.com.ye
balhamedhogs.com.ye,balhamedhogs.com.ye,balhamedhogs.com.ye
banafa.net.ye,banafa.net.ye,banafa.net.ye
barakhtech.com.ye,barakhtech.com.ye,barakhtech.com.ye
barakishgroup.com.ye,barakishgroup.com.ye,barakishgroup.com.ye
basgate.com.ye,basgate.com.ye,basgate.com.ye
bashacomputer.com.ye,bashacomputer.com.ye,bashacomputer.com.ye
baytboyoot.ye,baytboyoot.ye,baytboyoot.ye
bdh.edu.ye,bdh.edu.ye,bdh.edu.ye
bdic.gov.ye,bdic.gov.ye,bdic.gov.ye
bec.com.ye,bec.com.ye,bec.com.ye
beep.edu.ye,beep.edu.ye,beep.edu.ye
belqees.org.ye,belqees.org.ye,belqees.org.ye
belqeescollege.edu.ye,belqeescollege.edu.ye,belqeescollege.edu.ye
bend.yemen.net.ye,bend.yemen.net.ye,yemen.net.ye
bertix.com.ye,bertix.com.ye,bertix.com.ye
bestfoil.com.ye,bestfoil.com.ye,bestfoil.com.ye
betayemen.com.ye,betayemen.com.ye,betayemen.com.ye
bg.com.ye,bg.com.ye,bg.com.ye
bi.yemenmobile.com.ye,bi.yemenmobile.com.ye,yemenmobile.com.ye
billhost.com.ye,billhost.com.ye,billhost.com.ye
billing.y.net.ye,billing.y.net.ye,y.net.ye
bin-saif.com.ye,bin-saif.com.ye,bin-saif.com.ye
bireport.yemenmobile.com.ye,bireport.yemenmobile.com.ye,yemenmobile.com.ye
bissell.com.ye,bissell.com.ye,bissell.com.ye
biz.ye,biz.ye,biz.ye
bl.alahliawater.com.ye,bl.alahliawater.com.ye,alahliawater.com.ye
blueseas.com.ye,blueseas.com.ye,blueseas.com.ye
bluesky.com.ye,bluesky.com.ye,bluesky.com.ye
blum.ye,blum.ye,blum.ye
bolbol-it.ye,bolbol-it.ye,bolbol-it.ye
bonyan.edu.ye,bonyan.edu.ye,bonyan.edu.ye
bonyan.org.ye,bonyan.org.ye,bonyan.org.ye
bordersoffice.gov.ye,bordersoffice.gov.ye,bordersoffice.gov.ye
bosch.com.ye,bosch.com.ye,bosch.com.ye
brand-electric.com.ye,brand-electric.com.ye,brand-electric.com.ye
brandtech.com.ye,brandtech.com.ye,brandtech.com.ye
bravda.com.ye,bravda.com.ye,bravda.com.ye
brightlink.com.ye,brightlink.com.ye,brightlink.com.ye
brilliant.com.ye,brilliant.com.ye,brilliant.com.ye
britishcouncil.org.ye,britishcouncil.org.ye,britishcouncil.org.ye
britishembassy.yemen.com.ye,britishembassy.yemen.com.ye,yemen.com.ye
bst.ye,bst.ye,bst.ye
bstc.com.ye,bstc.com.ye,bstc.com.ye
bugbounty.com.ye,bugbounty.com.ye,bugbounty.com.ye
buj.bdh.edu.ye,buj.bdh.edu.ye,bdh.edu.ye
business.iutt.edu.ye,business.iutt.edu.ye,iutt.edu.ye
business.ye,business.ye,business.ye
ca.portal.yemenmobile.com.ye,ca.portal.yemenmobile.com.ye,yemenmobile.com.ye
ca.sharepointtest.yemenmobile.com.ye,ca.sharepointtest.yemenmobile.com.ye,yemenmobile.com.ye
cacbank.com.ye,cacbank.com.ye,cacbank.com.ye
cacibt.edu.ye,cacibt.edu.ye,cacibt.edu.ye
cacinsurance.com.ye,cacinsurance.com.ye,cacinsurance.com.ye
cacislamic.com.ye,cacislamic.com.ye,cacislamic.com.ye
cacit.com.ye,cacit.com.ye,cacit.com.ye
cacservices.com.ye,cacservices.com.ye,cacservices.com.ye
cales.y.net.ye,cales.y.net.ye,y.net.ye
calibers.com.ye,calibers.com.ye,calibers.com.ye
cama.gov.ye,cama.gov.ye,cama.gov.ye
camanew.cama.gov.ye,camanew.cama.gov.ye,cama.gov.ye
capitalconsult.com.ye,capitalconsult.com.ye,capitalconsult.com.ye
capitalsanaa.gov.ye,capitalsanaa.gov.ye,capitalsanaa.gov.ye
cappo.gov.ye,cappo.gov.ye,cappo.gov.ye
caqa.gov.ye,caqa.gov.ye,caqa.gov.ye
carsrental.com.ye,carsrental.com.ye,carsrental.com.ye
cas-hdr.sabafon.com.ye,cas-hdr.sabafon.com.ye,sabafon.com.ye
cas01.sabafon.com.ye,cas01.sabafon.com.ye,sabafon.com.ye
cas02.sabafon.com.ye,cas02.sabafon.com.ye,sabafon.com.ye
cas03.sabafon.com.ye,cas03.sabafon.com.ye,sabafon.com.ye
cas04.sabafon.com.ye,cas04.sabafon.com.ye,sabafon.com.ye
case.hoduniv.net.ye,case.hoduniv.net.ye,hoduniv.net.ye
cash.com.ye,cash.com.ye,cash.com.ye
cash.ye,cash.ye,cash.ye
cashub01.cacbank.com.ye,cashub01.cacbank.com.ye,cacbank.com.ye
catyemen.ye,catyemen.ye,catyemen.ye
cby.gov.ye,cby.gov.ye,cby.gov.ye
cby.ye,cby.ye,cby.ye
ccabs.edu.ye,ccabs.edu.ye,ccabs.edu.ye
ccau.edu.ye,ccau.edu.ye,ccau.edu.ye
ccsanaa.com.ye,ccsanaa.com.ye,ccsanaa.com.ye
cdss.y.net.ye,cdss.y.net.ye,y.net.ye
cdu.gov.ye,cdu.gov.ye,cdu.gov.ye
cediu.gov.ye,cediu.gov.ye,cediu.gov.ye
cefas.com.ye,cefas.com.ye,cefas.com.ye
centralbank.gov.ye,centralbank.gov.ye,centralbank.gov.ye
cggyemen.com.ye,cggyemen.com.ye,cggyemen.com.ye
chemico.com.ye,chemico.com.ye,chemico.com.ye
chicco.com.ye,chicco.com.ye,chicco.com.ye
childhome.org.ye,childhome.org.ye,childhome.org.ye
childrensplace.org.ye,childrensplace.org.ye,childrensplace.org.ye
chrysler.com.ye,chrysler.com.ye,chrysler.com.ye
cid.gov.ye,cid.gov.ye,cid.gov.ye
ciit.com.ye,ciit.com.ye,ciit.com.ye
cit.alraziuni.edu.ye,cit.alraziuni.edu.ye,alraziuni.edu.ye
citc.21umas.edu.ye,citc.21umas.edu.ye,21umas.edu.ye
cityhill.com.ye,cityhill.com.ye,cityhill.com.ye
civilizationuniv.edu.ye,civilizationuniv.edu.ye,civilizationuniv.edu.ye
ciy.ye,ciy.ye,ciy.ye
cleaningfund.gov.ye,cleaningfund.gov.ye,cleaningfund.gov.ye
clearparis.ye,clearparis.ye,clearparis.ye
cloud.gov.ye,cloud.gov.ye,cloud.gov.ye
cme.com.ye,cme.com.ye,cme.com.ye
cntyemen.com.ye,cntyemen.com.ye,cntyemen.com.ye
coca.gov.ye,coca.gov.ye,coca.gov.ye
codeit.ye,codeit.ye,codeit.ye
com.ye,com.ye,com.ye
comp.ltaa.gov.ye,comp.ltaa.gov.ye,ltaa.gov.ye
computer.iutt.edu.ye,computer.iutt.edu.ye,iutt.edu.ye
comtc.mof.gov.ye,comtc.mof.gov.ye,mof.gov.ye
conf1.hoduni.hoduniv.net.ye,conf1.hoduni.hoduniv.net.ye,hoduniv.net.ye
conf1.hoduniv.net.ye,conf1.hoduniv.net.ye,hoduniv.net.ye
conf2.hoduniv.net.ye,conf2.hoduniv.net.ye,hoduniv.net.ye
connectarabiatel.ye,connectarabiatel.ye,connectarabiatel.ye
consumeryemen.com.ye,consumeryemen.com.ye,consumeryemen.com.ye
content.crowe.com.ye,content.crowe.com.ye,crowe.com.ye
cp-ote.y.net.ye,cp-ote.y.net.ye,y.net.ye
cp.teleyemen.com.ye,cp.teleyemen.com.ye,teleyemen.com.ye
cp.y.net.ye,cp.y.net.ye,y.net.ye
cpa.su.edu.ye,cpa.su.edu.ye,su.edu.ye
cpanel.189.gov.ye,cpanel.189.gov.ye,189.gov.ye
cpanel.21umas.edu.ye,cpanel.21umas.edu.ye,21umas.edu.ye
cpanel.abofuad.com.ye,cpanel.abofuad.com.ye,abofuad.com.ye
cpanel.acf.gov.ye,cpanel.acf.gov.ye,acf.gov.ye
cpanel.acu.org.ye,cpanel.acu.org.ye,acu.org.ye
cpanel.aghhajjah.gov.ye,cpanel.aghhajjah.gov.ye,aghhajjah.gov.ye
cpanel.agoye.gov.ye,cpanel.agoye.gov.ye,agoye.gov.ye
cpanel.agriculture.gov.ye,cpanel.agriculture.gov.ye,agriculture.gov.ye
cpanel.ajnadeenpharma.com.ye,cpanel.ajnadeenpharma.com.ye,ajnadeenpharma.com.ye
cpanel.alahliawater.com.ye,cpanel.alahliawater.com.ye,alahliawater.com.ye
cpanel.albaidany.com.ye,cpanel.albaidany.com.ye,albaidany.com.ye
cpanel.albaydhahis.gov.ye,cpanel.albaydhahis.gov.ye,albaydhahis.gov.ye
cpanel.albayynat.net.ye,cpanel.albayynat.net.ye,albayynat.net.ye
cpanel.alenbehar.com.ye,cpanel.alenbehar.com.ye,alenbehar.com.ye
cpanel.alezzpharma.com.ye,cpanel.alezzpharma.com.ye,alezzpharma.com.ye
cpanel.alfaress.com.ye,cpanel.alfaress.com.ye,alfaress.com.ye
cpanel.alhezmi.com.ye,cpanel.alhezmi.com.ye,alhezmi.com.ye
cpanel.alhubishicenter.com.ye,cpanel.alhubishicenter.com.ye,alhubishicenter.com.ye
cpanel.alkabsh.com.ye,cpanel.alkabsh.com.ye,alkabsh.com.ye
cpanel.alkantop.com.ye,cpanel.alkantop.com.ye,alkantop.com.ye
cpanel.almasirah.net.ye,cpanel.almasirah.net.ye,almasirah.net.ye
cpanel.alnamsapharma.com.ye,cpanel.alnamsapharma.com.ye,alnamsapharma.com.ye
cpanel.alraziuni.edu.ye,cpanel.alraziuni.edu.ye,alraziuni.edu.ye
cpanel.alrowaduni.edu.ye,cpanel.alrowaduni.edu.ye,alrowaduni.edu.ye
cpanel.alsaeeda.com.ye,cpanel.alsaeeda.com.ye,alsaeeda.com.ye
cpanel.alsuraihigroup.com.ye,cpanel.alsuraihigroup.com.ye,alsuraihigroup.com.ye
cpanel.altamimigroup.com.ye,cpanel.altamimigroup.com.ye,altamimigroup.com.ye
cpanel.amanaedu.gov.ye,cpanel.amanaedu.gov.ye,amanaedu.gov.ye
cpanel.amranhealth.gov.ye,cpanel.amranhealth.gov.ye,amranhealth.gov.ye
cpanel.ams.com.ye,cpanel.ams.com.ye,ams.com.ye
cpanel.amu.edu.ye,cpanel.amu.edu.ye,amu.edu.ye
cpanel.annajmplus.com.ye,cpanel.annajmplus.com.ye,annajmplus.com.ye
cpanel.arrayamedical.com.ye,cpanel.arrayamedical.com.ye,arrayamedical.com.ye
cpanel.ath.gov.ye,cpanel.ath.gov.ye,ath.gov.ye
cpanel.axi-1.yemen.net.ye,cpanel.axi-1.yemen.net.ye,yemen.net.ye
cpanel.barakishgroup.com.ye,cpanel.barakishgroup.com.ye,barakishgroup.com.ye
cpanel.belqees.org.ye,cpanel.belqees.org.ye,belqees.org.ye
cpanel.blueseas.com.ye,cpanel.blueseas.com.ye,blueseas.com.ye
cpanel.bst.ye,cpanel.bst.ye,bst.ye
cpanel.cama.gov.ye,cpanel.cama.gov.ye,cama.gov.ye
cpanel.capitalconsult.com.ye,cpanel.capitalconsult.com.ye,capitalconsult.com.ye
cpanel.ccsanaa.com.ye,cpanel.ccsanaa.com.ye,ccsanaa.com.ye
cpanel.crowe.com.ye,cpanel.crowe.com.ye,crowe.com.ye
cpanel.cso.gov.ye,cpanel.cso.gov.ye,cso.gov.ye
cpanel.csswyemen.org.ye,cpanel.csswyemen.org.ye,csswyemen.org.ye
cpanel.daraldawas.com.ye,cpanel.daraldawas.com.ye,daraldawas.com.ye
cpanel.directory.ye,cpanel.directory.ye,directory.ye
cpanel.dunes.org.ye,cpanel.dunes.org.ye,dunes.org.ye
cpanel.e-learning-moe.edu.ye,cpanel.e-learning-moe.edu.ye,e-learning-moe.edu.ye
cpanel.ebtecarcadcam.com.ye,cpanel.ebtecarcadcam.com.ye,ebtecarcadcam.com.ye
cpanel.eesdsu.edu.ye,cpanel.eesdsu.edu.ye,eesdsu.edu.ye
cpanel.elearning.amanaedu.gov.ye,cpanel.elearning.amanaedu.gov.ye,amanaedu.gov.ye
cpanel.english.almasirah.net.ye,cpanel.english.almasirah.net.ye,almasirah.net.ye
cpanel.eomnv.gov.ye,cpanel.eomnv.gov.ye,eomnv.gov.ye
cpanel.eswifi.com.ye,cpanel.eswifi.com.ye,eswifi.com.ye
cpanel.firstnovartic.com.ye,cpanel.firstnovartic.com.ye,firstnovartic.com.ye
cpanel.fiu.gov.ye,cpanel.fiu.gov.ye,fiu.gov.ye
cpanel.fortech.com.ye,cpanel.fortech.com.ye,fortech.com.ye
cpanel.fourseasons.com.ye,cpanel.fourseasons.com.ye,fourseasons.com.ye
cpanel.gbs.edu.ye,cpanel.gbs.edu.ye,gbs.edu.ye
cpanel.ghosanaa.gov.ye,cpanel.ghosanaa.gov.ye,ghosanaa.gov.ye
cpanel.gia.gov.ye,cpanel.gia.gov.ye,gia.gov.ye
cpanel.goam.gov.ye,cpanel.goam.gov.ye,goam.gov.ye
cpanel.goldenhawk.com.ye,cpanel.goldenhawk.com.ye,goldenhawk.com.ye
cpanel.greenyemen.com.ye,cpanel.greenyemen.com.ye,greenyemen.com.ye
cpanel.gsdo.org.ye,cpanel.gsdo.org.ye,gsdo.org.ye
cpanel.hajjahmla.gov.ye,cpanel.hajjahmla.gov.ye,hajjahmla.gov.ye
cpanel.hasti.gov.ye,cpanel.hasti.gov.ye,hasti.gov.ye
cpanel.healthgeneration.com.ye,cpanel.healthgeneration.com.ye,healthgeneration.com.ye
cpanel.hikma.edu.ye,cpanel.hikma.edu.ye,hikma.edu.ye
cpanel.hoduniv.net.ye,cpanel.hoduniv.net.ye,hoduniv.net.ye
cpanel.host.net.ye,cpanel.host.net.ye,host.net.ye
cpanel.host.yemen.net.ye,cpanel.host.yemen.net.ye,yemen.net.ye
cpanel.htb.gov.ye,cpanel.htb.gov.ye,htb.gov.ye
cpanel.ibb-wslc.gov.ye,cpanel.ibb-wslc.gov.ye,ibb-wslc.gov.ye
cpanel.ibs.edu.ye,cpanel.ibs.edu.ye,ibs.edu.ye
cpanel.iff.org.ye,cpanel.iff.org.ye,iff.org.ye
cpanel.imu.edu.ye,cpanel.imu.edu.ye,imu.edu.ye
cpanel.iqraa.edu.ye,cpanel.iqraa.edu.ye,iqraa.edu.ye
cpanel.iutt.edu.ye,cpanel.iutt.edu.ye,iutt.edu.ye
cpanel.jia.gov.ye,cpanel.jia.gov.ye,jia.gov.ye
cpanel.jthamararts.edu.ye,cpanel.jthamararts.edu.ye,jthamararts.edu.ye
cpanel.kam-alshebrycon.com.ye,cpanel.kam-alshebrycon.com.ye,kam-alshebrycon.com.ye
cpanel.lms.taiz.edu.ye,cpanel.lms.taiz.edu.ye,taiz.edu.ye
cpanel.ltaa.gov.ye,cpanel.ltaa.gov.ye,ltaa.gov.ye
cpanel.m-tam.com.ye,cpanel.m-tam.com.ye,m-tam.com.ye
cpanel.mafco.com.ye,cpanel.mafco.com.ye,mafco.com.ye
cpanel.mailserver.smeps.org.ye,cpanel.mailserver.smeps.org.ye,smeps.org.ye
cpanel.marvelflts.com.ye,cpanel.marvelflts.com.ye,marvelflts.com.ye
cpanel.media.almasirah.net.ye,cpanel.media.almasirah.net.ye,almasirah.net.ye
cpanel.medicinepharma.com.ye,cpanel.medicinepharma.com.ye,medicinepharma.com.ye
cpanel.mof.gov.ye,cpanel.mof.gov.ye,mof.gov.ye
cpanel.mofa.gov.ye,cpanel.mofa.gov.ye,mofa.gov.ye
cpanel.molay.gov.ye,cpanel.molay.gov.ye,molay.gov.ye
cpanel.mom.gov.ye,cpanel.mom.gov.ye,mom.gov.ye
cpanel.mot.gov.ye,cpanel.mot.gov.ye,mot.gov.ye
cpanel.n-tfc-moh.gov.ye,cpanel.n-tfc-moh.gov.ye,n-tfc-moh.gov.ye
cpanel.nabdalseha.com.ye,cpanel.nabdalseha.com.ye,nabdalseha.com.ye
cpanel.nabdhalseha.com.ye,cpanel.nabdhalseha.com.ye,nabdhalseha.com.ye
cpanel.nakaz.com.ye,cpanel.nakaz.com.ye,nakaz.com.ye
cpanel.nby.com.ye,cpanel.nby.com.ye,nby.com.ye
cpanel.nbyyemen.com.ye,cpanel.nbyyemen.com.ye,nbyyemen.com.ye
cpanel.nccbds.gov.ye,cpanel.nccbds.gov.ye,nccbds.gov.ye
cpanel.ncgs.com.ye,cpanel.ncgs.com.ye,ncgs.com.ye
cpanel.newsite.yemen.net.ye,cpanel.newsite.yemen.net.ye,yemen.net.ye
cpanel.ngtech.com.ye,cpanel.ngtech.com.ye,ngtech.com.ye
cpanel.nic.gov.ye,cpanel.nic.gov.ye,nic.gov.ye
cpanel.nooralyemen.com.ye,cpanel.nooralyemen.com.ye,nooralyemen.com.ye
cpanel.ntfo.org.ye,cpanel.ntfo.org.ye,ntfo.org.ye
cpanel.nvdl.gov.ye,cpanel.nvdl.gov.ye,nvdl.gov.ye
cpanel.nymc.com.ye,cpanel.nymc.com.ye,nymc.com.ye
cpanel.onefamily.org.ye,cpanel.onefamily.org.ye,onefamily.org.ye
cpanel.pec.gov.ye,cpanel.pec.gov.ye,pec.gov.ye
cpanel.petronahad.com.ye,cpanel.petronahad.com.ye,petronahad.com.ye
cpanel.pgsf.org.ye,cpanel.pgsf.org.ye,pgsf.org.ye
cpanel.phpf.org.ye,cpanel.phpf.org.ye,phpf.org.ye
cpanel.qasu.edu.ye,cpanel.qasu.edu.ye,qasu.edu.ye
cpanel.qau.edu.ye,cpanel.qau.edu.ye,qau.edu.ye
cpanel.rec.smeps.org.ye,cpanel.rec.smeps.org.ye,smeps.org.ye
cpanel.repository.alraziuni.edu.ye,cpanel.repository.alraziuni.edu.ye,alraziuni.edu.ye
cpanel.rp.ptc.gov.ye,cpanel.rp.ptc.gov.ye,ptc.gov.ye
cpanel.sa.seiyunu.edu.ye,cpanel.sa.seiyunu.edu.ye,seiyunu.edu.ye
cpanel.saada-uni.edu.ye,cpanel.saada-uni.edu.ye,saada-uni.edu.ye
cpanel.sabafon.com.ye,cpanel.sabafon.com.ye,sabafon.com.ye
cpanel.sacha.com.ye,cpanel.sacha.com.ye,sacha.com.ye
cpanel.saffari.com.ye,cpanel.saffari.com.ye,saffari.com.ye
cpanel.sawa.com.ye,cpanel.sawa.com.ye,sawa.com.ye
cpanel.sawafirst.com.ye,cpanel.sawafirst.com.ye,sawafirst.com.ye
cpanel.sbco.com.ye,cpanel.sbco.com.ye,sbco.com.ye
cpanel.scer.gov.ye,cpanel.scer.gov.ye,scer.gov.ye
cpanel.seiyunu.edu.ye,cpanel.seiyunu.edu.ye,seiyunu.edu.ye
cpanel.shoora.gov.ye,cpanel.shoora.gov.ye,shoora.gov.ye
cpanel.smartgate.edu.ye,cpanel.smartgate.edu.ye,smartgate.edu.ye
cpanel.smartlift.com.ye,cpanel.smartlift.com.ye,smartlift.com.ye
cpanel.smc.gov.ye,cpanel.smc.gov.ye,smc.gov.ye
cpanel.smeps.org.ye,cpanel.smeps.org.ye,smeps.org.ye
cpanel.snacc.gov.ye,cpanel.snacc.gov.ye,snacc.gov.ye
cpanel.srs-mohe.gov.ye,cpanel.srs-mohe.gov.ye,srs-mohe.gov.ye
cpanel.su.edu.ye,cpanel.su.edu.ye,su.edu.ye
cpanel.suerp.gov.ye,cpanel.suerp.gov.ye,suerp.gov.ye
cpanel.techsci-experts.com.ye,cpanel.techsci-experts.com.ye,techsci-experts.com.ye
cpanel.tehama.com.ye,cpanel.tehama.com.ye,tehama.com.ye
cpanel.testcp.net.ye,cpanel.testcp.net.ye,testcp.net.ye
cpanel.titmag.net.ye,cpanel.titmag.net.ye,titmag.net.ye
cpanel.togetherpharma.com.ye,cpanel.togetherpharma.com.ye,togetherpharma.com.ye
cpanel.topresidency.gov.ye,cpanel.topresidency.gov.ye,topresidency.gov.ye
cpanel.tu.edu.ye,cpanel.tu.edu.ye,tu.edu.ye
cpanel.ufa.alraziuni.edu.ye,cpanel.ufa.alraziuni.edu.ye,alraziuni.edu.ye
cpanel.uqms.edu.ye,cpanel.uqms.edu.ye,uqms.edu.ye
cpanel.ust.edu.ye,cpanel.ust.edu.ye,ust.edu.ye
cpanel.usthyemen.com.ye,cpanel.usthyemen.com.ye,usthyemen.com.ye
cpanel.vindexyemen.com.ye,cpanel.vindexyemen.com.ye,vindexyemen.com.ye
cpanel.whf.org.ye,cpanel.whf.org.ye,whf.org.ye
cpanel.worldtrust.com.ye,cpanel.worldtrust.com.ye,worldtrust.com.ye
cpanel.y-fpd.org.ye,cpanel.y-fpd.org.ye,y-fpd.org.ye
cpanel.yeco.com.ye,cpanel.yeco.com.ye,yeco.com.ye
cpanel.yemen.net.ye,cpanel.yemen.net.ye,yemen.net.ye
cpanel.yemenacademy.edu.ye,cpanel.yemenacademy.edu.ye,yemenacademy.edu.ye
cpanel.yemenalmufaddal.com.ye,cpanel.yemenalmufaddal.com.ye,yemenalmufaddal.com.ye
cpanel.yemeneng.org.ye,cpanel.yemeneng.org.ye,yemeneng.org.ye
cpanel.yemenmobile.com.ye,cpanel.yemenmobile.com.ye,yemenmobile.com.ye
cpanel.yemennet.com.ye,cpanel.yemennet.com.ye,yemennet.com.ye
cpanel.yemenvision.gov.ye,cpanel.yemenvision.gov.ye,yemenvision.gov.ye
cpanel.ygsmrb.org.ye,cpanel.ygsmrb.org.ye,ygsmrb.org.ye
cpanel.yiig.gov.ye,cpanel.yiig.gov.ye,yiig.gov.ye
cpanel.yinor.com.ye,cpanel.yinor.com.ye,yinor.com.ye
cpanel.yms.gov.ye,cpanel.yms.gov.ye,yms.gov.ye
cpanel.zuhoorpharma.com.ye,cpanel.zuhoorpharma.com.ye,zuhoorpharma.com.ye
cpcalendars.189.gov.ye,cpcalendars.189.gov.ye,189.gov.ye
cpcalendars.21umas.edu.ye,cpcalendars.21umas.edu.ye,21umas.edu.ye
cpcalendars.acu.org.ye,cpcalendars.acu.org.ye,acu.org.ye
cpcalendars.aghhajjah.gov.ye,cpcalendars.aghhajjah.gov.ye,aghhajjah.gov.ye
cpcalendars.agoye.gov.ye,cpcalendars.agoye.gov.ye,agoye.gov.ye
cpcalendars.agriculture.gov.ye,cpcalendars.agriculture.gov.ye,agriculture.gov.ye
cpcalendars.alahliawater.com.ye,cpcalendars.alahliawater.com.ye,alahliawater.com.ye
cpcalendars.albaidany.com.ye,cpcalendars.albaidany.com.ye,albaidany.com.ye
cpcalendars.albaydhahis.gov.ye,cpcalendars.albaydhahis.gov.ye,albaydhahis.gov.ye
cpcalendars.albayynat.net.ye,cpcalendars.albayynat.net.ye,albayynat.net.ye
cpcalendars.alezzpharma.com.ye,cpcalendars.alezzpharma.com.ye,alezzpharma.com.ye
cpcalendars.alfaress.com.ye,cpcalendars.alfaress.com.ye,alfaress.com.ye
cpcalendars.alhezmi.com.ye,cpcalendars.alhezmi.com.ye,alhezmi.com.ye
cpcalendars.alhubishicenter.com.ye,cpcalendars.alhubishicenter.com.ye,alhubishicenter.com.ye
cpcalendars.alkabsh.com.ye,cpcalendars.alkabsh.com.ye,alkabsh.com.ye
cpcalendars.alkantop.com.ye,cpcalendars.alkantop.com.ye,alkantop.com.ye
cpcalendars.almasirah.net.ye,cpcalendars.almasirah.net.ye,almasirah.net.ye
cpcalendars.alnamsapharma.com.ye,cpcalendars.alnamsapharma.com.ye,alnamsapharma.com.ye
cpcalendars.alraziuni.edu.ye,cpcalendars.alraziuni.edu.ye,alraziuni.edu.ye
cpcalendars.alrowaduni.edu.ye,cpcalendars.alrowaduni.edu.ye,alrowaduni.edu.ye
cpcalendars.alsaeeda.com.ye,cpcalendars.alsaeeda.com.ye,alsaeeda.com.ye
cpcalendars.altamimigroup.com.ye,cpcalendars.altamimigroup.com.ye,altamimigroup.com.ye
cpcalendars.amanaedu.gov.ye,cpcalendars.amanaedu.gov.ye,amanaedu.gov.ye
cpcalendars.amranhealth.gov.ye,cpcalendars.amranhealth.gov.ye,amranhealth.gov.ye
cpcalendars.ams.com.ye,cpcalendars.ams.com.ye,ams.com.ye
cpcalendars.amu.edu.ye,cpcalendars.amu.edu.ye,amu.edu.ye
cpcalendars.arrayamedical.com.ye,cpcalendars.arrayamedical.com.ye,arrayamedical.com.ye
cpcalendars.ath.gov.ye,cpcalendars.ath.gov.ye,ath.gov.ye
cpcalendars.axi-1.yemen.net.ye,cpcalendars.axi-1.yemen.net.ye,yemen.net.ye
cpcalendars.belqees.org.ye,cpcalendars.belqees.org.ye,belqees.org.ye
cpcalendars.blueseas.com.ye,cpcalendars.blueseas.com.ye,blueseas.com.ye
cpcalendars.cama.gov.ye,cpcalendars.cama.gov.ye,cama.gov.ye
cpcalendars.capitalconsult.com.ye,cpcalendars.capitalconsult.com.ye,capitalconsult.com.ye
cpcalendars.crowe.com.ye,cpcalendars.crowe.com.ye,crowe.com.ye
cpcalendars.cso.gov.ye,cpcalendars.cso.gov.ye,cso.gov.ye
cpcalendars.csswyemen.org.ye,cpcalendars.csswyemen.org.ye,csswyemen.org.ye
cpcalendars.dunes.org.ye,cpcalendars.dunes.org.ye,dunes.org.ye
cpcalendars.e-learning-moe.edu.ye,cpcalendars.e-learning-moe.edu.ye,e-learning-moe.edu.ye
cpcalendars.eesdsu.edu.ye,cpcalendars.eesdsu.edu.ye,eesdsu.edu.ye
cpcalendars.elearning.amanaedu.gov.ye,cpcalendars.elearning.amanaedu.gov.ye,amanaedu.gov.ye
cpcalendars.english.almasirah.net.ye,cpcalendars.english.almasirah.net.ye,almasirah.net.ye
cpcalendars.eomnv.gov.ye,cpcalendars.eomnv.gov.ye,eomnv.gov.ye
cpcalendars.eswifi.com.ye,cpcalendars.eswifi.com.ye,eswifi.com.ye
cpcalendars.firstnovartic.com.ye,cpcalendars.firstnovartic.com.ye,firstnovartic.com.ye
cpcalendars.fiu.gov.ye,cpcalendars.fiu.gov.ye,fiu.gov.ye
cpcalendars.ghosanaa.gov.ye,cpcalendars.ghosanaa.gov.ye,ghosanaa.gov.ye
cpcalendars.gia.gov.ye,cpcalendars.gia.gov.ye,gia.gov.ye
cpcalendars.goam.gov.ye,cpcalendars.goam.gov.ye,goam.gov.ye
cpcalendars.goldenhawk.com.ye,cpcalendars.goldenhawk.com.ye,goldenhawk.com.ye
cpcalendars.gsdo.org.ye,cpcalendars.gsdo.org.ye,gsdo.org.ye
cpcalendars.hajjahmla.gov.ye,cpcalendars.hajjahmla.gov.ye,hajjahmla.gov.ye
cpcalendars.hasti.gov.ye,cpcalendars.hasti.gov.ye,hasti.gov.ye
cpcalendars.hoduniv.net.ye,cpcalendars.hoduniv.net.ye,hoduniv.net.ye
cpcalendars.host.net.ye,cpcalendars.host.net.ye,host.net.ye
cpcalendars.host.yemen.net.ye,cpcalendars.host.yemen.net.ye,yemen.net.ye
cpcalendars.htb.gov.ye,cpcalendars.htb.gov.ye,htb.gov.ye
cpcalendars.ibb-wslc.gov.ye,cpcalendars.ibb-wslc.gov.ye,ibb-wslc.gov.ye
cpcalendars.iff.org.ye,cpcalendars.iff.org.ye,iff.org.ye
cpcalendars.imu.edu.ye,cpcalendars.imu.edu.ye,imu.edu.ye
cpcalendars.iqraa.edu.ye,cpcalendars.iqraa.edu.ye,iqraa.edu.ye
cpcalendars.iutt.edu.ye,cpcalendars.iutt.edu.ye,iutt.edu.ye
cpcalendars.jia.gov.ye,cpcalendars.jia.gov.ye,jia.gov.ye
cpcalendars.jthamararts.edu.ye,cpcalendars.jthamararts.edu.ye,jthamararts.edu.ye
cpcalendars.ltaa.gov.ye,cpcalendars.ltaa.gov.ye,ltaa.gov.ye
cpcalendars.m-tam.com.ye,cpcalendars.m-tam.com.ye,m-tam.com.ye
cpcalendars.mafco.com.ye,cpcalendars.mafco.com.ye,mafco.com.ye
cpcalendars.mailserver.smeps.org.ye,cpcalendars.mailserver.smeps.org.ye,smeps.org.ye
cpcalendars.marvelflts.com.ye,cpcalendars.marvelflts.com.ye,marvelflts.com.ye
cpcalendars.media.almasirah.net.ye,cpcalendars.media.almasirah.net.ye,almasirah.net.ye
cpcalendars.medicinepharma.com.ye,cpcalendars.medicinepharma.com.ye,medicinepharma.com.ye
cpcalendars.mof.gov.ye,cpcalendars.mof.gov.ye,mof.gov.ye
cpcalendars.mofa.gov.ye,cpcalendars.mofa.gov.ye,mofa.gov.ye
cpcalendars.molay.gov.ye,cpcalendars.molay.gov.ye,molay.gov.ye
cpcalendars.mom.gov.ye,cpcalendars.mom.gov.ye,mom.gov.ye
cpcalendars.n-tfc-moh.gov.ye,cpcalendars.n-tfc-moh.gov.ye,n-tfc-moh.gov.ye
cpcalendars.nabdhalseha.com.ye,cpcalendars.nabdhalseha.com.ye,nabdhalseha.com.ye
cpcalendars.nby.com.ye,cpcalendars.nby.com.ye,nby.com.ye
cpcalendars.nccbds.gov.ye,cpcalendars.nccbds.gov.ye,nccbds.gov.ye
cpcalendars.ncgs.com.ye,cpcalendars.ncgs.com.ye,ncgs.com.ye
cpcalendars.ngtech.com.ye,cpcalendars.ngtech.com.ye,ngtech.com.ye
cpcalendars.nic.gov.ye,cpcalendars.nic.gov.ye,nic.gov.ye
cpcalendars.nooralyemen.com.ye,cpcalendars.nooralyemen.com.ye,nooralyemen.com.ye
cpcalendars.ntfo.org.ye,cpcalendars.ntfo.org.ye,ntfo.org.ye
cpcalendars.nvdl.gov.ye,cpcalendars.nvdl.gov.ye,nvdl.gov.ye
cpcalendars.pec.gov.ye,cpcalendars.pec.gov.ye,pec.gov.ye
cpcalendars.petronahad.com.ye,cpcalendars.petronahad.com.ye,petronahad.com.ye
cpcalendars.qasu.edu.ye,cpcalendars.qasu.edu.ye,qasu.edu.ye
cpcalendars.repository.alraziuni.edu.ye,cpcalendars.repository.alraziuni.edu.ye,alraziuni.edu.ye
cpcalendars.rp.ptc.gov.ye,cpcalendars.rp.ptc.gov.ye,ptc.gov.ye
cpcalendars.sa.seiyunu.edu.ye,cpcalendars.sa.seiyunu.edu.ye,seiyunu.edu.ye
cpcalendars.saada-uni.edu.ye,cpcalendars.saada-uni.edu.ye,saada-uni.edu.ye
cpcalendars.sabafon.com.ye,cpcalendars.sabafon.com.ye,sabafon.com.ye
cpcalendars.sacha.com.ye,cpcalendars.sacha.com.ye,sacha.com.ye
cpcalendars.saffari.com.ye,cpcalendars.saffari.com.ye,saffari.com.ye
cpcalendars.sawafirst.com.ye,cpcalendars.sawafirst.com.ye,sawafirst.com.ye
cpcalendars.scer.gov.ye,cpcalendars.scer.gov.ye,scer.gov.ye
cpcalendars.seiyunu.edu.ye,cpcalendars.seiyunu.edu.ye,seiyunu.edu.ye
cpcalendars.shoora.gov.ye,cpcalendars.shoora.gov.ye,shoora.gov.ye
cpcalendars.smartgate.edu.ye,cpcalendars.smartgate.edu.ye,smartgate.edu.ye
cpcalendars.smartlift.com.ye,cpcalendars.smartlift.com.ye,smartlift.com.ye
cpcalendars.smc.gov.ye,cpcalendars.smc.gov.ye,smc.gov.ye
cpcalendars.smeps.org.ye,cpcalendars.smeps.org.ye,smeps.org.ye
cpcalendars.snacc.gov.ye,cpcalendars.snacc.gov.ye,snacc.gov.ye
cpcalendars.srs-mohe.gov.ye,cpcalendars.srs-mohe.gov.ye,srs-mohe.gov.ye
cpcalendars.su.edu.ye,cpcalendars.su.edu.ye,su.edu.ye
cpcalendars.suerp.gov.ye,cpcalendars.suerp.gov.ye,suerp.gov.ye
cpcalendars.techsci-experts.com.ye,cpcalendars.techsci-experts.com.ye,techsci-experts.com.ye
cpcalendars.tehama.com.ye,cpcalendars.tehama.com.ye,tehama.com.ye
cpcalendars.testcp.net.ye,cpcalendars.testcp.net.ye,testcp.net.ye
cpcalendars.titmag.net.ye,cpcalendars.titmag.net.ye,titmag.net.ye
cpcalendars.togetherpharma.com.ye,cpcalendars.togetherpharma.com.ye,togetherpharma.com.ye
cpcalendars.topresidency.gov.ye,cpcalendars.topresidency.gov.ye,topresidency.gov.ye
cpcalendars.tu.edu.ye,cpcalendars.tu.edu.ye,tu.edu.ye
cpcalendars.ufa.alraziuni.edu.ye,cpcalendars.ufa.alraziuni.edu.ye,alraziuni.edu.ye
cpcalendars.uqms.edu.ye,cpcalendars.uqms.edu.ye,uqms.edu.ye
cpcalendars.ust.edu.ye,cpcalendars.ust.edu.ye,ust.edu.ye
cpcalendars.usthyemen.com.ye,cpcalendars.usthyemen.com.ye,usthyemen.com.ye
cpcalendars.vindexyemen.com.ye,cpcalendars.vindexyemen.com.ye,vindexyemen.com.ye
cpcalendars.worldtrust.com.ye,cpcalendars.worldtrust.com.ye,worldtrust.com.ye
cpcalendars.y-fpd.org.ye,cpcalendars.y-fpd.org.ye,y-fpd.org.ye
cpcalendars.yeco.com.ye,cpcalendars.yeco.com.ye,yeco.com.ye
cpcalendars.yemen.net.ye,cpcalendars.yemen.net.ye,yemen.net.ye
cpcalendars.yemenacademy.edu.ye,cpcalendars.yemenacademy.edu.ye,yemenacademy.edu.ye
cpcalendars.yemenalmufaddal.com.ye,cpcalendars.yemenalmufaddal.com.ye,yemenalmufaddal.com.ye
cpcalendars.yemeneng.org.ye,cpcalendars.yemeneng.org.ye,yemeneng.org.ye
cpcalendars.yemenmobile.com.ye,cpcalendars.yemenmobile.com.ye,yemenmobile.com.ye
cpcalendars.yemennet.com.ye,cpcalendars.yemennet.com.ye,yemennet.com.ye
cpcalendars.yemenvision.gov.ye,cpcalendars.yemenvision.gov.ye,yemenvision.gov.ye
cpcalendars.ygsmrb.org.ye,cpcalendars.ygsmrb.org.ye,ygsmrb.org.ye
cpcalendars.yiig.gov.ye,cpcalendars.yiig.gov.ye,yiig.gov.ye
cpcalendars.yms.gov.ye,cpcalendars.yms.gov.ye,yms.gov.ye
cpcontacts.189.gov.ye,cpcontacts.189.gov.ye,189.gov.ye
cpcontacts.21umas.edu.ye,cpcontacts.21umas.edu.ye,21umas.edu.ye
cpcontacts.acu.org.ye,cpcontacts.acu.org.ye,acu.org.ye
cpcontacts.aghhajjah.gov.ye,cpcontacts.aghhajjah.gov.ye,aghhajjah.gov.ye
cpcontacts.agoye.gov.ye,cpcontacts.agoye.gov.ye,agoye.gov.ye
cpcontacts.agriculture.gov.ye,cpcontacts.agriculture.gov.ye,agriculture.gov.ye
cpcontacts.alahliawater.com.ye,cpcontacts.alahliawater.com.ye,alahliawater.com.ye
cpcontacts.albaidany.com.ye,cpcontacts.albaidany.com.ye,albaidany.com.ye
cpcontacts.albaydhahis.gov.ye,cpcontacts.albaydhahis.gov.ye,albaydhahis.gov.ye
cpcontacts.albayynat.net.ye,cpcontacts.albayynat.net.ye,albayynat.net.ye
cpcontacts.alezzpharma.com.ye,cpcontacts.alezzpharma.com.ye,alezzpharma.com.ye
cpcontacts.alfaress.com.ye,cpcontacts.alfaress.com.ye,alfaress.com.ye
cpcontacts.alhezmi.com.ye,cpcontacts.alhezmi.com.ye,alhezmi.com.ye
cpcontacts.alhubishicenter.com.ye,cpcontacts.alhubishicenter.com.ye,alhubishicenter.com.ye
cpcontacts.alkabsh.com.ye,cpcontacts.alkabsh.com.ye,alkabsh.com.ye
cpcontacts.alkantop.com.ye,cpcontacts.alkantop.com.ye,alkantop.com.ye
cpcontacts.almasirah.net.ye,cpcontacts.almasirah.net.ye,almasirah.net.ye
cpcontacts.alnahdah.org.ye,cpcontacts.alnahdah.org.ye,alnahdah.org.ye
cpcontacts.alnamsapharma.com.ye,cpcontacts.alnamsapharma.com.ye,alnamsapharma.com.ye
cpcontacts.alraziuni.edu.ye,cpcontacts.alraziuni.edu.ye,alraziuni.edu.ye
cpcontacts.alrowaduni.edu.ye,cpcontacts.alrowaduni.edu.ye,alrowaduni.edu.ye
cpcontacts.alsaeeda.com.ye,cpcontacts.alsaeeda.com.ye,alsaeeda.com.ye
cpcontacts.altamimigroup.com.ye,cpcontacts.altamimigroup.com.ye,altamimigroup.com.ye
cpcontacts.amanaedu.gov.ye,cpcontacts.amanaedu.gov.ye,amanaedu.gov.ye
cpcontacts.amranhealth.gov.ye,cpcontacts.amranhealth.gov.ye,amranhealth.gov.ye
cpcontacts.ams.com.ye,cpcontacts.ams.com.ye,ams.com.ye
cpcontacts.amu.edu.ye,cpcontacts.amu.edu.ye,amu.edu.ye
cpcontacts.arrayamedical.com.ye,cpcontacts.arrayamedical.com.ye,arrayamedical.com.ye
cpcontacts.ath.gov.ye,cpcontacts.ath.gov.ye,ath.gov.ye
cpcontacts.axi-1.yemen.net.ye,cpcontacts.axi-1.yemen.net.ye,yemen.net.ye
cpcontacts.belqees.org.ye,cpcontacts.belqees.org.ye,belqees.org.ye
cpcontacts.blueseas.com.ye,cpcontacts.blueseas.com.ye,blueseas.com.ye
cpcontacts.cama.gov.ye,cpcontacts.cama.gov.ye,cama.gov.ye
cpcontacts.capitalconsult.com.ye,cpcontacts.capitalconsult.com.ye,capitalconsult.com.ye
cpcontacts.crowe.com.ye,cpcontacts.crowe.com.ye,crowe.com.ye
cpcontacts.cso.gov.ye,cpcontacts.cso.gov.ye,cso.gov.ye
cpcontacts.csswyemen.org.ye,cpcontacts.csswyemen.org.ye,csswyemen.org.ye
cpcontacts.dunes.org.ye,cpcontacts.dunes.org.ye,dunes.org.ye
cpcontacts.e-learning-moe.edu.ye,cpcontacts.e-learning-moe.edu.ye,e-learning-moe.edu.ye
cpcontacts.eesdsu.edu.ye,cpcontacts.eesdsu.edu.ye,eesdsu.edu.ye
cpcontacts.elearning.amanaedu.gov.ye,cpcontacts.elearning.amanaedu.gov.ye,amanaedu.gov.ye
cpcontacts.english.almasirah.net.ye,cpcontacts.english.almasirah.net.ye,almasirah.net.ye
cpcontacts.eomnv.gov.ye,cpcontacts.eomnv.gov.ye,eomnv.gov.ye
cpcontacts.eswifi.com.ye,cpcontacts.eswifi.com.ye,eswifi.com.ye
cpcontacts.firstnovartic.com.ye,cpcontacts.firstnovartic.com.ye,firstnovartic.com.ye
cpcontacts.fiu.gov.ye,cpcontacts.fiu.gov.ye,fiu.gov.ye
cpcontacts.ghosanaa.gov.ye,cpcontacts.ghosanaa.gov.ye,ghosanaa.gov.ye
cpcontacts.gia.gov.ye,cpcontacts.gia.gov.ye,gia.gov.ye
cpcontacts.goam.gov.ye,cpcontacts.goam.gov.ye,goam.gov.ye
cpcontacts.goldenhawk.com.ye,cpcontacts.goldenhawk.com.ye,goldenhawk.com.ye
cpcontacts.gsdo.org.ye,cpcontacts.gsdo.org.ye,gsdo.org.ye
cpcontacts.hajjahmla.gov.ye,cpcontacts.hajjahmla.gov.ye,hajjahmla.gov.ye
cpcontacts.hasti.gov.ye,cpcontacts.hasti.gov.ye,hasti.gov.ye
cpcontacts.hoduniv.net.ye,cpcontacts.hoduniv.net.ye,hoduniv.net.ye
cpcontacts.host.net.ye,cpcontacts.host.net.ye,host.net.ye
cpcontacts.host.yemen.net.ye,cpcontacts.host.yemen.net.ye,yemen.net.ye
cpcontacts.htb.gov.ye,cpcontacts.htb.gov.ye,htb.gov.ye
cpcontacts.ibb-wslc.gov.ye,cpcontacts.ibb-wslc.gov.ye,ibb-wslc.gov.ye
cpcontacts.iff.org.ye,cpcontacts.iff.org.ye,iff.org.ye
cpcontacts.imu.edu.ye,cpcontacts.imu.edu.ye,imu.edu.ye
cpcontacts.iqraa.edu.ye,cpcontacts.iqraa.edu.ye,iqraa.edu.ye
cpcontacts.iutt.edu.ye,cpcontacts.iutt.edu.ye,iutt.edu.ye
cpcontacts.jia.gov.ye,cpcontacts.jia.gov.ye,jia.gov.ye
cpcontacts.jthamararts.edu.ye,cpcontacts.jthamararts.edu.ye,jthamararts.edu.ye
cpcontacts.ltaa.gov.ye,cpcontacts.ltaa.gov.ye,ltaa.gov.ye
cpcontacts.m-tam.com.ye,cpcontacts.m-tam.com.ye,m-tam.com.ye
cpcontacts.mafco.com.ye,cpcontacts.mafco.com.ye,mafco.com.ye
cpcontacts.mailserver.smeps.org.ye,cpcontacts.mailserver.smeps.org.ye,smeps.org.ye
cpcontacts.marvelflts.com.ye,cpcontacts.marvelflts.com.ye,marvelflts.com.ye
cpcontacts.media.almasirah.net.ye,cpcontacts.media.almasirah.net.ye,almasirah.net.ye
cpcontacts.medicinepharma.com.ye,cpcontacts.medicinepharma.com.ye,medicinepharma.com.ye
cpcontacts.mof.gov.ye,cpcontacts.mof.gov.ye,mof.gov.ye
cpcontacts.mofa.gov.ye,cpcontacts.mofa.gov.ye,mofa.gov.ye
cpcontacts.molay.gov.ye,cpcontacts.molay.gov.ye,molay.gov.ye
cpcontacts.mom.gov.ye,cpcontacts.mom.gov.ye,mom.gov.ye
cpcontacts.n-tfc-moh.gov.ye,cpcontacts.n-tfc-moh.gov.ye,n-tfc-moh.gov.ye
cpcontacts.nabdhalseha.com.ye,cpcontacts.nabdhalseha.com.ye,nabdhalseha.com.ye
cpcontacts.nby.com.ye,cpcontacts.nby.com.ye,nby.com.ye
cpcontacts.nccbds.gov.ye,cpcontacts.nccbds.gov.ye,nccbds.gov.ye
cpcontacts.ncgs.com.ye,cpcontacts.ncgs.com.ye,ncgs.com.ye
cpcontacts.ngtech.com.ye,cpcontacts.ngtech.com.ye,ngtech.com.ye
cpcontacts.nic.gov.ye,cpcontacts.nic.gov.ye,nic.gov.ye
cpcontacts.nooralyemen.com.ye,cpcontacts.nooralyemen.com.ye,nooralyemen.com.ye
cpcontacts.ntfo.org.ye,cpcontacts.ntfo.org.ye,ntfo.org.ye
cpcontacts.nvdl.gov.ye,cpcontacts.nvdl.gov.ye,nvdl.gov.ye
cpcontacts.pec.gov.ye,cpcontacts.pec.gov.ye,pec.gov.ye
cpcontacts.petronahad.com.ye,cpcontacts.petronahad.com.ye,petronahad.com.ye
cpcontacts.qasu.edu.ye,cpcontacts.qasu.edu.ye,qasu.edu.ye
cpcontacts.repository.alraziuni.edu.ye,cpcontacts.repository.alraziuni.edu.ye,alraziuni.edu.ye
cpcontacts.rp.ptc.gov.ye,cpcontacts.rp.ptc.gov.ye,ptc.gov.ye
cpcontacts.sa.seiyunu.edu.ye,cpcontacts.sa.seiyunu.edu.ye,seiyunu.edu.ye
cpcontacts.saada-uni.edu.ye,cpcontacts.saada-uni.edu.ye,saada-uni.edu.ye
cpcontacts.sabafon.com.ye,cpcontacts.sabafon.com.ye,sabafon.com.ye
cpcontacts.sacha.com.ye,cpcontacts.sacha.com.ye,sacha.com.ye
cpcontacts.saffari.com.ye,cpcontacts.saffari.com.ye,saffari.com.ye
cpcontacts.sawafirst.com.ye,cpcontacts.sawafirst.com.ye,sawafirst.com.ye
cpcontacts.scer.gov.ye,cpcontacts.scer.gov.ye,scer.gov.ye
cpcontacts.seiyunu.edu.ye,cpcontacts.seiyunu.edu.ye,seiyunu.edu.ye
cpcontacts.shoora.gov.ye,cpcontacts.shoora.gov.ye,shoora.gov.ye
cpcontacts.smartgate.edu.ye,cpcontacts.smartgate.edu.ye,smartgate.edu.ye
cpcontacts.smartlift.com.ye,cpcontacts.smartlift.com.ye,smartlift.com.ye
cpcontacts.smc.gov.ye,cpcontacts.smc.gov.ye,smc.gov.ye
cpcontacts.smeps.org.ye,cpcontacts.smeps.org.ye,smeps.org.ye
cpcontacts.snacc.gov.ye,cpcontacts.snacc.gov.ye,snacc.gov.ye
cpcontacts.srs-mohe.gov.ye,cpcontacts.srs-mohe.gov.ye,srs-mohe.gov.ye
cpcontacts.su.edu.ye,cpcontacts.su.edu.ye,su.edu.ye
cpcontacts.suerp.gov.ye,cpcontacts.suerp.gov.ye,suerp.gov.ye
cpcontacts.techsci-experts.com.ye,cpcontacts.techsci-experts.com.ye,techsci-experts.com.ye
cpcontacts.tehama.com.ye,cpcontacts.tehama.com.ye,tehama.com.ye
cpcontacts.testcp.net.ye,cpcontacts.testcp.net.ye,testcp.net.ye
cpcontacts.titmag.net.ye,cpcontacts.titmag.net.ye,titmag.net.ye
cpcontacts.togetherpharma.com.ye,cpcontacts.togetherpharma.com.ye,togetherpharma.com.ye
cpcontacts.topresidency.gov.ye,cpcontacts.topresidency.gov.ye,topresidency.gov.ye
cpcontacts.tu.edu.ye,cpcontacts.tu.edu.ye,tu.edu.ye
cpcontacts.ufa.alraziuni.edu.ye,cpcontacts.ufa.alraziuni.edu.ye,alraziuni.edu.ye
cpcontacts.uqms.edu.ye,cpcontacts.uqms.edu.ye,uqms.edu.ye
cpcontacts.ust.edu.ye,cpcontacts.ust.edu.ye,ust.edu.ye
cpcontacts.usthyemen.com.ye,cpcontacts.usthyemen.com.ye,usthyemen.com.ye
cpcontacts.vindexyemen.com.ye,cpcontacts.vindexyemen.com.ye,vindexyemen.com.ye
cpcontacts.worldtrust.com.ye,cpcontacts.worldtrust.com.ye,worldtrust.com.ye
cpcontacts.y-fpd.org.ye,cpcontacts.y-fpd.org.ye,y-fpd.org.ye
cpcontacts.yeco.com.ye,cpcontacts.yeco.com.ye,yeco.com.ye
cpcontacts.yemen.net.ye,cpcontacts.yemen.net.ye,yemen.net.ye
cpcontacts.yemenacademy.edu.ye,cpcontacts.yemenacademy.edu.ye,yemenacademy.edu.ye
cpcontacts.yemenalmufaddal.com.ye,cpcontacts.yemenalmufaddal.com.ye,yemenalmufaddal.com.ye
cpcontacts.yemeneng.org.ye,cpcontacts.yemeneng.org.ye,yemeneng.org.ye
cpcontacts.yemenmobile.com.ye,cpcontacts.yemenmobile.com.ye,yemenmobile.com.ye
cpcontacts.yemennet.com.ye,cpcontacts.yemennet.com.ye,yemennet.com.ye
cpcontacts.yemenvision.gov.ye,cpcontacts.yemenvision.gov.ye,yemenvision.gov.ye
cpcontacts.ygsmrb.org.ye,cpcontacts.ygsmrb.org.ye,ygsmrb.org.ye
cpcontacts.yiig.gov.ye,cpcontacts.yiig.gov.ye,yiig.gov.ye
cpcontacts.yms.gov.ye,cpcontacts.yms.gov.ye,yms.gov.ye
cphost.yemen.net.ye,cphost.yemen.net.ye,yemen.net.ye
cphost2.yemen.net.ye,cphost2.yemen.net.ye,yemen.net.ye
cphost3.yemen.net.ye,cphost3.yemen.net.ye,yemen.net.ye
cpunix.yemen.net.ye,cpunix.yemen.net.ye,yemen.net.ye
cra.gov.ye,cra.gov.ye,cra.gov.ye
crazzypark.com.ye,crazzypark.com.ye,crazzypark.com.ye
crc-yem.com.ye,crc-yem.com.ye,crc-yem.com.ye
criticalvision.com.ye,criticalvision.com.ye,criticalvision.com.ye
crm.crowe.com.ye,crm.crowe.com.ye,crowe.com.ye
crowe.com.ye,crowe.com.ye,crowe.com.ye
cs.gov.ye,cs.gov.ye,cs.gov.ye
csae.hoduniv.net.ye,csae.hoduniv.net.ye,hoduniv.net.ye
csky.com.ye,csky.com.ye,csky.com.ye
cso.gov.ye,cso.gov.ye,cso.gov.ye
cssw.org.ye,cssw.org.ye,cssw.org.ye
csswyemen.org.ye,csswyemen.org.ye,csswyemen.org.ye
ctmes.hoduniv.net.ye,ctmes.hoduniv.net.ye,hoduniv.net.ye
cuas-mof.gov.ye,cuas-mof.gov.ye,cuas-mof.gov.ye
cul.hoduniv.net.ye,cul.hoduniv.net.ye,hoduniv.net.ye
curevet.com.ye,curevet.com.ye,curevet.com.ye
custom-it.gov.ye,custom-it.gov.ye,custom-it.gov.ye
customs.gov.ye,customs.gov.ye,customs.gov.ye
dadiah.com.ye,dadiah.com.ye,dadiah.com.ye
daimlerchrysler.com.ye,daimlerchrysler.com.ye,daimlerchrysler.com.ye
daleel.ye,daleel.ye,daleel.ye
daraldawas.com.ye,daraldawas.com.ye,daraldawas.com.ye
daralhajarex.com.ye,daralhajarex.com.ye,daralhajarex.com.ye
darsys.srs-mohe.gov.ye,darsys.srs-mohe.gov.ye,srs-mohe.gov.ye
dashboard.yemen-tv.net.ye,dashboard.yemen-tv.net.ye,yemen-tv.net.ye
dasweltauto.com.ye,dasweltauto.com.ye,dasweltauto.com.ye
dawa.org.ye,dawa.org.ye,dawa.org.ye
dcc.edu.ye,dcc.edu.ye,dcc.edu.ye
deepsafer.com.ye,deepsafer.com.ye,deepsafer.com.ye
deepsafer.ye,deepsafer.ye,deepsafer.ye
deltagrp.com.ye,deltagrp.com.ye,deltagrp.com.ye
demag.com.ye,demag.com.ye,demag.com.ye
demcs.com.ye,demcs.com.ye,demcs.com.ye
demo.nooralyemen.com.ye,demo.nooralyemen.com.ye,nooralyemen.com.ye
den.hoduniv.net.ye,den.hoduniv.net.ye,hoduniv.net.ye
denkpharma.ye,denkpharma.ye,denkpharma.ye
dentistry.alraziuni.edu.ye,dentistry.alraziuni.edu.ye,alraziuni.edu.ye
der.gov.ye,der.gov.ye,der.gov.ye
developerdemo.ye,developerdemo.ye,developerdemo.ye
dfdfsl.y.net.ye,dfdfsl.y.net.ye,y.net.ye
dg.com.ye,dg.com.ye,dg.com.ye
dh.gov.ye,dh.gov.ye,dh.gov.ye
dhamarnet.com.ye,dhamarnet.com.ye,dhamarnet.com.ye
dhamarnet.ye,dhamarnet.ye,dhamarnet.ye
dhamran.com.ye,dhamran.com.ye,dhamran.com.ye
dhis2.moh.gov.ye,dhis2.moh.gov.ye,moh.gov.ye
dhl-exel.com.ye,dhl-exel.com.ye,dhl-exel.com.ye
dhl.com.ye,dhl.com.ye,dhl.com.ye
dhlexel.com.ye,dhlexel.com.ye,dhlexel.com.ye
digitalcity.com.ye,digitalcity.com.ye,digitalcity.com.ye
digitalsmart.com.ye,digitalsmart.com.ye,digitalsmart.com.ye
dim.ptc.gov.ye,dim.ptc.gov.ye,ptc.gov.ye
directory.ye,directory.ye,directory.ye
dl.wasatia.edu.ye,dl.wasatia.edu.ye,wasatia.edu.ye
dnb.com.ye,dnb.com.ye,dnb.com.ye
dnoyemen.com.ye,dnoyemen.com.ye,dnoyemen.com.ye
dns-ote.y.net.ye,dns-ote.y.net.ye,y.net.ye
dns.ye,dns.ye,dns.ye
dodge.com.ye,dodge.com.ye,dodge.com.ye
dorobalemtiaz.com.ye,dorobalemtiaz.com.ye,dorobalemtiaz.com.ye
dovecpf53.com.ye,dovecpf53.com.ye,dovecpf53.com.ye
doveyemen.com.ye,doveyemen.com.ye,doveyemen.com.ye
dprdp.com.ye,dprdp.com.ye,dprdp.com.ye
dreamwear.ye,dreamwear.ye,dreamwear.ye
drmikhlafi-hc.com.ye,drmikhlafi-hc.com.ye,drmikhlafi-hc.com.ye
drooblite.com.ye,drooblite.com.ye,drooblite.com.ye
dsca.org.ye,dsca.org.ye,dsca.org.ye
dse.com.ye,dse.com.ye,dse.com.ye
dsiye.srs-mohe.gov.ye,dsiye.srs-mohe.gov.ye,srs-mohe.gov.ye
dsu.edu.ye,dsu.edu.ye,dsu.edu.ye
dsuye.srs-mohe.gov.ye,dsuye.srs-mohe.gov.ye,srs-mohe.gov.ye
dsuyecom.srs-mohe.gov.ye,dsuyecom.srs-mohe.gov.ye,srs-mohe.gov.ye
dsuyeeducation.srs-mohe.gov.ye,dsuyeeducation.srs-mohe.gov.ye,srs-mohe.gov.ye
dubaitoys.com.ye,dubaitoys.com.ye,dubaitoys.com.ye
dunes.org.ye,dunes.org.ye,dunes.org.ye
dunnuraine.com.ye,dunnuraine.com.ye,dunnuraine.com.ye
dusu.edu.ye,dusu.edu.ye,dusu.edu.ye
e-alhadheri.y.net.ye,e-alhadheri.y.net.ye,y.net.ye
e-learn.qasu.edu.ye,e-learn.qasu.edu.ye,qasu.edu.ye
e-learning-moe.edu.ye,e-learning-moe.edu.ye,e-learning-moe.edu.ye
e-learning.iqraa.edu.ye,e-learning.iqraa.edu.ye,iqraa.edu.ye
e-moit.gov.ye,e-moit.gov.ye,e-moit.gov.ye
e-sadad.ye,e-sadad.ye,e-sadad.ye
e-school-y.com.ye,e-school-y.com.ye,e-school-y.com.ye
e-tax.gov.ye,e-tax.gov.ye,e-tax.gov.ye
e.mocsi.gov.ye,e.mocsi.gov.ye,mocsi.gov.ye
e.moodle.iqraa.edu.ye,e.moodle.iqraa.edu.ye,iqraa.edu.ye
eaglehotel.com.ye,eaglehotel.com.ye,eaglehotel.com.ye
easylife.com.ye,easylife.com.ye,easylife.com.ye
easylink.com.ye,easylink.com.ye,easylink.com.ye
ebda3soft.com.ye,ebda3soft.com.ye,ebda3soft.com.ye
ebdaaalbena.com.ye,ebdaaalbena.com.ye,ebdaaalbena.com.ye
ebdaasoft.com.ye,ebdaasoft.com.ye,ebdaasoft.com.ye
ebpp.yemensadad.net.ye,ebpp.yemensadad.net.ye,yemensadad.net.ye
ebtecarcadcam.com.ye,ebtecarcadcam.com.ye,ebtecarcadcam.com.ye
ecc.ye,ecc.ye,ecc.ye
eco.hoduniv.net.ye,eco.hoduniv.net.ye,hoduniv.net.ye
edu.albayynat.net.ye,edu.albayynat.net.ye,albayynat.net.ye
edu.hoduniv.net.ye,edu.hoduniv.net.ye,hoduniv.net.ye
edu.ye,edu.ye,edu.ye
edu.ystream.ye,edu.ystream.ye,ystream.ye
edub.hoduniv.net.ye,edub.hoduniv.net.ye,hoduniv.net.ye
edur.hoduniv.net.ye,edur.hoduniv.net.ye,hoduniv.net.ye
edusys.iutt.edu.ye,edusys.iutt.edu.ye,iutt.edu.ye
eduz.hoduniv.net.ye,eduz.hoduniv.net.ye,hoduniv.net.ye
ees.amu.edu.ye,ees.amu.edu.ye,amu.edu.ye
eesdsu.edu.ye,eesdsu.edu.ye,eesdsu.edu.ye
ehcslc.com.ye,ehcslc.com.ye,ehcslc.com.ye
eis.amu.edu.ye,eis.amu.edu.ye,amu.edu.ye
eiu.edu.ye,eiu.edu.ye,eiu.edu.ye
elearn.su.edu.ye,elearn.su.edu.ye,su.edu.ye
elearning.amanaedu.gov.ye,elearning.amanaedu.gov.ye,amanaedu.gov.ye
elearning.iqraa.edu.ye,elearning.iqraa.edu.ye,iqraa.edu.ye
elearning.qau.edu.ye,elearning.qau.edu.ye,qau.edu.ye
elections.gov.ye,elections.gov.ye,elections.gov.ye
elib.iutt.edu.ye,elib.iutt.edu.ye,iutt.edu.ye
elibrary.edu.ye,elibrary.edu.ye,elibrary.edu.ye
elms.iutt.edu.ye,elms.iutt.edu.ye,iutt.edu.ye
elvaroot.agoye.gov.ye,elvaroot.agoye.gov.ye,agoye.gov.ye
eman-univ.edu.ye,eman-univ.edu.ye,eman-univ.edu.ye
en.yemen.net.ye,en.yemen.net.ye,yemen.net.ye
en.ygsmrb.org.ye,en.ygsmrb.org.ye,ygsmrb.org.ye
eng-su.edu.ye,eng-su.edu.ye,eng-su.edu.ye
eng.hoduniv.net.ye,eng.hoduniv.net.ye,hoduniv.net.ye
eng.su.edu.ye,eng.su.edu.ye,su.edu.ye
engazsoft.com.ye,engazsoft.com.ye,engazsoft.com.ye
engineering.iutt.edu.ye,engineering.iutt.edu.ye,iutt.edu.ye
english.almasirah.net.ye,english.almasirah.net.ye,almasirah.net.ye
englishschool.y.net.ye,englishschool.y.net.ye,y.net.ye
enjaz.gov.ye,enjaz.gov.ye,enjaz.gov.ye
eoi.ye,eoi.ye,eoi.ye
eomnv.gov.ye,eomnv.gov.ye,eomnv.gov.ye
epa.gov.ye,epa.gov.ye,epa.gov.ye
epp-ote.y.net.ye,epp-ote.y.net.ye,y.net.ye
epp.y.net.ye,epp.y.net.ye,y.net.ye
eps.amu.edu.ye,eps.amu.edu.ye,amu.edu.ye
erp.alatta.org.ye,erp.alatta.org.ye,alatta.org.ye
erp.alraziuni.edu.ye,erp.alraziuni.edu.ye,alraziuni.edu.ye
erp.altaf.org.ye,erp.altaf.org.ye,altaf.org.ye
erp.bonyan.org.ye,erp.bonyan.org.ye,bonyan.org.ye
erp.eomnv.gov.ye,erp.eomnv.gov.ye,eomnv.gov.ye
erp.qau.edu.ye,erp.qau.edu.ye,qau.edu.ye
erp.smeps.org.ye,erp.smeps.org.ye,smeps.org.ye
erppro.gia.gov.ye,erppro.gia.gov.ye,gia.gov.ye
erptest.alatta.org.ye,erptest.alatta.org.ye,alatta.org.ye
erpv.eomnv.gov.ye,erpv.eomnv.gov.ye,eomnv.gov.ye
eskaan.com.ye,eskaan.com.ye,eskaan.com.ye
esrdn.srs-mohe.gov.ye,esrdn.srs-mohe.gov.ye,srs-mohe.gov.ye
eswifi.com.ye,eswifi.com.ye,eswifi.com.ye
etlobni.com.ye,etlobni.com.ye,etlobni.com.ye
etqanstar.com.ye,etqanstar.com.ye,etqanstar.com.ye
eu.garwsp.gov.ye,eu.garwsp.gov.ye,garwsp.gov.ye
europcar.com.ye,europcar.com.ye,europcar.com.ye
example.testcp.net.ye,example.testcp.net.ye,testcp.net.ye
excel.com.ye,excel.com.ye,excel.com.ye
excellent.com.ye,excellent.com.ye,excellent.com.ye
exserver.yemenmobile.com.ye,exserver.yemenmobile.com.ye,yemenmobile.com.ye
exsrver3.yemenmobile.com.ye,exsrver3.yemenmobile.com.ye,yemenmobile.com.ye
faculity.seiyunu.edu.ye,faculity.seiyunu.edu.ye,seiyunu.edu.ye
fadialaswadi.y.net.ye,fadialaswadi.y.net.ye,y.net.ye
falak.com.ye,falak.com.ye,falak.com.ye
falcon-hotel.com.ye,falcon-hotel.com.ye,falcon-hotel.com.ye
falcons.com.ye,falcons.com.ye,falcons.com.ye
fardosco.com.ye,fardosco.com.ye,fardosco.com.ye
fas-hust.edu.ye,fas-hust.edu.ye,fas-hust.edu.ye
fast.ye,fast.ye,fast.ye
fastcar.com.ye,fastcar.com.ye,fastcar.com.ye
fastlink.com.ye,fastlink.com.ye,fastlink.com.ye
fewtexglobal.com.ye,fewtexglobal.com.ye,fewtexglobal.com.ye
fewtexglobalcorp.com.ye,fewtexglobalcorp.com.ye,fewtexglobalcorp.com.ye
fi.mof.gov.ye,fi.mof.gov.ye,mof.gov.ye
firstnovartic.com.ye,firstnovartic.com.ye,firstnovartic.com.ye
firstsunenergy.com.ye,firstsunenergy.com.ye,firstsunenergy.com.ye
fiu.gov.ye,fiu.gov.ye,fiu.gov.ye
flamco.com.ye,flamco.com.ye,flamco.com.ye
fleetcart.cama.gov.ye,fleetcart.cama.gov.ye,cama.gov.ye
floosak.ye,floosak.ye,floosak.ye
fmhs.taiz.edu.ye,fmhs.taiz.edu.ye,taiz.edu.ye
folderstech.com.ye,folderstech.com.ye,folderstech.com.ye
folsu.ye,folsu.ye,folsu.ye
forms.cacinsurance.com.ye,forms.cacinsurance.com.ye,cacinsurance.com.ye
fortech.com.ye,fortech.com.ye,fortech.com.ye
fortest.ufafpi.ye,fortest.ufafpi.ye,ufafpi.ye
fortressmed.com.ye,fortressmed.com.ye,fortressmed.com.ye
fourseasons.com.ye,fourseasons.com.ye,fourseasons.com.ye
france-ph.com.ye,france-ph.com.ye,france-ph.com.ye
freindi.com.ye,freindi.com.ye,freindi.com.ye
freindi.ye,freindi.ye,freindi.ye
freindimobile.com.ye,freindimobile.com.ye,freindimobile.com.ye
freindy.com.ye,freindy.com.ye,freindy.com.ye
freindy.ye,freindy.ye,freindy.ye
freindymobile.com.ye,freindymobile.com.ye,freindymobile.com.ye
frendymobile.com.ye,frendymobile.com.ye,frendymobile.com.ye
friendi.com.ye,friendi.com.ye,friendi.com.ye
friendiyemen.ye,friendiyemen.ye,friendiyemen.ye
friendy.com.ye,friendy.com.ye,friendy.com.ye
friendymobile.com.ye,friendymobile.com.ye,friendymobile.com.ye
frisd.srs-mohe.gov.ye,frisd.srs-mohe.gov.ye,srs-mohe.gov.ye
fscyu24.edu.ye,fscyu24.edu.ye,fscyu24.edu.ye
ftp.abo-ragheb.com.ye,ftp.abo-ragheb.com.ye,abo-ragheb.com.ye
ftp.abomajed.com.ye,ftp.abomajed.com.ye,abomajed.com.ye
ftp.afy.gov.ye,ftp.afy.gov.ye,afy.gov.ye
ftp.aghhajjah.gov.ye,ftp.aghhajjah.gov.ye,aghhajjah.gov.ye
ftp.agriculturalguide.com.ye,ftp.agriculturalguide.com.ye,agriculturalguide.com.ye
ftp.ahgaff.com.ye,ftp.ahgaff.com.ye,ahgaff.com.ye
ftp.alafaq.edu.ye,ftp.alafaq.edu.ye,alafaq.edu.ye
ftp.alahlasi.com.ye,ftp.alahlasi.com.ye,alahlasi.com.ye
ftp.alaskari.com.ye,ftp.alaskari.com.ye,alaskari.com.ye
ftp.albaydhahis.gov.ye,ftp.albaydhahis.gov.ye,albaydhahis.gov.ye
ftp.algossteel.com.ye,ftp.algossteel.com.ye,algossteel.com.ye
ftp.alnuzaily.edu.ye,ftp.alnuzaily.edu.ye,alnuzaily.edu.ye
ftp.alquranalkareem.ye,ftp.alquranalkareem.ye,alquranalkareem.ye
ftp.alsewarri.com.ye,ftp.alsewarri.com.ye,alsewarri.com.ye
ftp.althawrati.edu.ye,ftp.althawrati.edu.ye,althawrati.edu.ye
ftp.altuhaifgroup.com.ye,ftp.altuhaifgroup.com.ye,altuhaifgroup.com.ye
ftp.alwahashy.com.ye,ftp.alwahashy.com.ye,alwahashy.com.ye
ftp.amanaedu.gov.ye,ftp.amanaedu.gov.ye,amanaedu.gov.ye
ftp.amranhealth.gov.ye,ftp.amranhealth.gov.ye,amranhealth.gov.ye
ftp.amu.edu.ye,ftp.amu.edu.ye,amu.edu.ye
ftp.aqar.ye,ftp.aqar.ye,aqar.ye
ftp.area.gov.ye,ftp.area.gov.ye,area.gov.ye
ftp.askmonther.com.ye,ftp.askmonther.com.ye,askmonther.com.ye
ftp.ath.gov.ye,ftp.ath.gov.ye,ath.gov.ye
ftp.awadhicorp.com.ye,ftp.awadhicorp.com.ye,awadhicorp.com.ye
ftp.axi-1.yemen.net.ye,ftp.axi-1.yemen.net.ye,yemen.net.ye
ftp.badeeb.com.ye,ftp.badeeb.com.ye,badeeb.com.ye
ftp.bdic.gov.ye,ftp.bdic.gov.ye,bdic.gov.ye
ftp.capitalsanaa.gov.ye,ftp.capitalsanaa.gov.ye,capitalsanaa.gov.ye
ftp.ccabs.edu.ye,ftp.ccabs.edu.ye,ccabs.edu.ye
ftp.childrensplace.org.ye,ftp.childrensplace.org.ye,childrensplace.org.ye
ftp.cleaningfund.gov.ye,ftp.cleaningfund.gov.ye,cleaningfund.gov.ye
ftp.clearparis.ye,ftp.clearparis.ye,clearparis.ye
ftp.crazzypark.com.ye,ftp.crazzypark.com.ye,crazzypark.com.ye
ftp.cso.gov.ye,ftp.cso.gov.ye,cso.gov.ye
ftp.dhamarnet.com.ye,ftp.dhamarnet.com.ye,dhamarnet.com.ye
ftp.dprdp.com.ye,ftp.dprdp.com.ye,dprdp.com.ye
ftp.drmikhlafi-hc.com.ye,ftp.drmikhlafi-hc.com.ye,drmikhlafi-hc.com.ye
ftp.e-learning-moe.edu.ye,ftp.e-learning-moe.edu.ye,e-learning-moe.edu.ye
ftp.eomnv.gov.ye,ftp.eomnv.gov.ye,eomnv.gov.ye
ftp.eskaan.com.ye,ftp.eskaan.com.ye,eskaan.com.ye
ftp.fas-hust.edu.ye,ftp.fas-hust.edu.ye,fas-hust.edu.ye
ftp.fewtexglobal.com.ye,ftp.fewtexglobal.com.ye,fewtexglobal.com.ye
ftp.fewtexglobalcorp.com.ye,ftp.fewtexglobalcorp.com.ye,fewtexglobalcorp.com.ye
ftp.folderstech.com.ye,ftp.folderstech.com.ye,folderstech.com.ye
ftp.futureenergy.com.ye,ftp.futureenergy.com.ye,futureenergy.com.ye
ftp.garninpharma.com.ye,ftp.garninpharma.com.ye,garninpharma.com.ye
ftp.garwsp.gov.ye,ftp.garwsp.gov.ye,garwsp.gov.ye
ftp.gateway.com.ye,ftp.gateway.com.ye,gateway.com.ye
ftp.gbs.edu.ye,ftp.gbs.edu.ye,gbs.edu.ye
ftp.ghars.org.ye,ftp.ghars.org.ye,ghars.org.ye
ftp.ghg.ye,ftp.ghg.ye,ghg.ye
ftp.gia.gov.ye,ftp.gia.gov.ye,gia.gov.ye
ftp.goldengateyemen.com.ye,ftp.goldengateyemen.com.ye,goldengateyemen.com.ye
ftp.gscp.gov.ye,ftp.gscp.gov.ye,gscp.gov.ye
ftp.gspr.gov.ye,ftp.gspr.gov.ye,gspr.gov.ye
ftp.hajjahmla.gov.ye,ftp.hajjahmla.gov.ye,hajjahmla.gov.ye
ftp.hccceb.edu.ye,ftp.hccceb.edu.ye,hccceb.edu.ye
ftp.hmf.com.ye,ftp.hmf.com.ye,hmf.com.ye
ftp.htb.gov.ye,ftp.htb.gov.ye,htb.gov.ye
ftp.idrees.com.ye,ftp.idrees.com.ye,idrees.com.ye
ftp.jia.gov.ye,ftp.jia.gov.ye,jia.gov.ye
ftp.jthamararts.edu.ye,ftp.jthamararts.edu.ye,jthamararts.edu.ye
ftp.kaymu.com.ye,ftp.kaymu.com.ye,kaymu.com.ye
ftp.lawzicompany.com.ye,ftp.lawzicompany.com.ye,lawzicompany.com.ye
ftp.legal-affairs.gov.ye,ftp.legal-affairs.gov.ye,legal-affairs.gov.ye
ftp.limkokwing.edu.ye,ftp.limkokwing.edu.ye,limkokwing.edu.ye
ftp.ltaa.gov.ye,ftp.ltaa.gov.ye,ltaa.gov.ye
ftp.ltmobile.com.ye,ftp.ltmobile.com.ye,ltmobile.com.ye
ftp.mafwr.gov.ye,ftp.mafwr.gov.ye,mafwr.gov.ye
ftp.matrix.com.ye,ftp.matrix.com.ye,matrix.com.ye
ftp.mayohospital.net.ye,ftp.mayohospital.net.ye,mayohospital.net.ye
ftp.mfw.gov.ye,ftp.mfw.gov.ye,mfw.gov.ye
ftp.microtech.net.ye,ftp.microtech.net.ye,microtech.net.ye
ftp.mocsi.gov.ye,ftp.mocsi.gov.ye,mocsi.gov.ye
ftp.modernsoft.com.ye,ftp.modernsoft.com.ye,modernsoft.com.ye
ftp.moee.gov.ye,ftp.moee.gov.ye,moee.gov.ye
ftp.mof.gov.ye,ftp.mof.gov.ye,mof.gov.ye
ftp.mofa.gov.ye,ftp.mofa.gov.ye,mofa.gov.ye
ftp.mohe.gov.ye,ftp.mohe.gov.ye,mohe.gov.ye
ftp.molayemen.gov.ye,ftp.molayemen.gov.ye,molayemen.gov.ye
ftp.mom.gov.ye,ftp.mom.gov.ye,mom.gov.ye
ftp.mot.gov.ye,ftp.mot.gov.ye,mot.gov.ye
ftp.mpic-aden.gov.ye,ftp.mpic-aden.gov.ye,mpic-aden.gov.ye
ftp.n-tfc-moh.gov.ye,ftp.n-tfc-moh.gov.ye,n-tfc-moh.gov.ye
ftp.najmalyemen.com.ye,ftp.najmalyemen.com.ye,najmalyemen.com.ye
ftp.navy.gov.ye,ftp.navy.gov.ye,navy.gov.ye
ftp.nccbds.gov.ye,ftp.nccbds.gov.ye,nccbds.gov.ye
ftp.nccd.edu.ye,ftp.nccd.edu.ye,nccd.edu.ye
ftp.nic.gov.ye,ftp.nic.gov.ye,nic.gov.ye
ftp.nip.gov.ye,ftp.nip.gov.ye,nip.gov.ye
ftp.nvdl.gov.ye,ftp.nvdl.gov.ye,nvdl.gov.ye
ftp.panasonic.com.ye,ftp.panasonic.com.ye,panasonic.com.ye
ftp.pcas.org.ye,ftp.pcas.org.ye,pcas.org.ye
ftp.pdn.net.ye,ftp.pdn.net.ye,pdn.net.ye
ftp.pec.gov.ye,ftp.pec.gov.ye,pec.gov.ye
ftp.pgfpp.gov.ye,ftp.pgfpp.gov.ye,pgfpp.gov.ye
ftp.platinum.com.ye,ftp.platinum.com.ye,platinum.com.ye
ftp.qapco.com.ye,ftp.qapco.com.ye,qapco.com.ye
ftp.remisc.org.ye,ftp.remisc.org.ye,remisc.org.ye
ftp.richland.com.ye,ftp.richland.com.ye,richland.com.ye
ftp.rimaz.com.ye,ftp.rimaz.com.ye,rimaz.com.ye
ftp.sadah.gov.ye,ftp.sadah.gov.ye,sadah.gov.ye
ftp.sadiu.edu.ye,ftp.sadiu.edu.ye,sadiu.edu.ye
ftp.salamworld.com.ye,ftp.salamworld.com.ye,salamworld.com.ye
ftp.sary.com.ye,ftp.sary.com.ye,sary.com.ye
ftp.scc.edu.ye,ftp.scc.edu.ye,scc.edu.ye
ftp.sensetrading.com.ye,ftp.sensetrading.com.ye,sensetrading.com.ye
ftp.shoora.gov.ye,ftp.shoora.gov.ye,shoora.gov.ye
ftp.slo.gov.ye,ftp.slo.gov.ye,slo.gov.ye
ftp.smc.gov.ye,ftp.smc.gov.ye,smc.gov.ye
ftp.snacc.gov.ye,ftp.snacc.gov.ye,snacc.gov.ye
ftp.suerp.gov.ye,ftp.suerp.gov.ye,suerp.gov.ye
ftp.taxltu.gov.ye,ftp.taxltu.gov.ye,taxltu.gov.ye
ftp.tebyan.ye,ftp.tebyan.ye,tebyan.ye
ftp.technohouse.com.ye,ftp.technohouse.com.ye,technohouse.com.ye
ftp.thabetson.com.ye,ftp.thabetson.com.ye,thabetson.com.ye
ftp.thci.edu.ye,ftp.thci.edu.ye,thci.edu.ye
ftp.titmag.net.ye,ftp.titmag.net.ye,titmag.net.ye
ftp.tourism.gov.ye,ftp.tourism.gov.ye,tourism.gov.ye
ftp.trye.gov.ye,ftp.trye.gov.ye,trye.gov.ye
ftp.ufafpi.ye,ftp.ufafpi.ye,ufafpi.ye
ftp.vastechnology.com.ye,ftp.vastechnology.com.ye,vastechnology.com.ye
ftp.ye.net.ye,ftp.ye.net.ye,ye.net.ye
ftp.yeco.com.ye,ftp.yeco.com.ye,yeco.com.ye
ftp.yectv.edu.ye,ftp.yectv.edu.ye,yectv.edu.ye
ftp.yemen-environment.gov.ye,ftp.yemen-environment.gov.ye,yemen-environment.gov.ye
ftp.yemenmarine.com.ye,ftp.yemenmarine.com.ye,yemenmarine.com.ye
ftp.yementourism.gov.ye,ftp.yementourism.gov.ye,yementourism.gov.ye
ftp.yemenvision.gov.ye,ftp.yemenvision.gov.ye,yemenvision.gov.ye
ftp.yfsco.net.ye,ftp.yfsco.net.ye,yfsco.net.ye
ftp.yiig.gov.ye,ftp.yiig.gov.ye,yiig.gov.ye
ftp.yipo.gov.ye,ftp.yipo.gov.ye,yipo.gov.ye
ftp.ykrdc.com.ye,ftp.ykrdc.com.ye,ykrdc.com.ye
ftp.ymobile.com.ye,ftp.ymobile.com.ye,ymobile.com.ye
ftp.yms.gov.ye,ftp.yms.gov.ye,yms.gov.ye
ftp.ypo.gov.ye,ftp.ypo.gov.ye,ypo.gov.ye
ftp.zjos.com.ye,ftp.zjos.com.ye,zjos.com.ye
ftp.zlinkyemen.com.ye,ftp.zlinkyemen.com.ye,zlinkyemen.com.ye
ftp.zubayen.ye,ftp.zubayen.ye,zubayen.ye
fuchs.com.ye,fuchs.com.ye,fuchs.com.ye
fuchsoil.com.ye,fuchsoil.com.ye,fuchsoil.com.ye
fuchsoilyemen.com.ye,fuchsoilyemen.com.ye,fuchsoilyemen.com.ye
fujifilm.com.ye,fujifilm.com.ye,fujifilm.com.ye
fujitsu.com.ye,fujitsu.com.ye,fujitsu.com.ye
fulltech.com.ye,fulltech.com.ye,fulltech.com.ye
futurecomputer.com.ye,futurecomputer.com.ye,futurecomputer.com.ye
futureenergy.com.ye,futureenergy.com.ye,futureenergy.com.ye
fuy.edu.ye,fuy.edu.ye,fuy.edu.ye
fwa.yemen.net.ye,fwa.yemen.net.ye,yemen.net.ye
fwaplan.yemen.net.ye,fwaplan.yemen.net.ye,yemen.net.ye
g4s.com.ye,g4s.com.ye,g4s.com.ye
gabpd.gov.ye,gabpd.gov.ye,gabpd.gov.ye
gaiu.edu.ye,gaiu.edu.ye,gaiu.edu.ye
galsub.gov.ye,galsub.gov.ye,galsub.gov.ye
galsup.gov.ye,galsup.gov.ye,galsup.gov.ye
gamaltrans.ye,gamaltrans.ye,gamaltrans.ye
garninpharma.com.ye,garninpharma.com.ye,garninpharma.com.ye
garwsp-eu.gov.ye,garwsp-eu.gov.ye,garwsp-eu.gov.ye
garwsp.gov.ye,garwsp.gov.ye,garwsp.gov.ye
garwsp.org.ye,garwsp.org.ye,garwsp.org.ye
gasmed.gov.ye,gasmed.gov.ye,gasmed.gov.ye
gassp.ye,gassp.ye,gassp.ye
gasspy.gov.ye,gasspy.gov.ye,gasspy.gov.ye
gateway.com.ye,gateway.com.ye,gateway.com.ye
gbs.edu.ye,gbs.edu.ye,gbs.edu.ye
gcnic.com.ye,gcnic.com.ye,gcnic.com.ye
gcrb.gov.ye,gcrb.gov.ye,gcrb.gov.ye
gcsbpp.gov.ye,gcsbpp.gov.ye,gcsbpp.gov.ye
gcss.ye,gcss.ye,gcss.ye
gdrsc.su.edu.ye,gdrsc.su.edu.ye,su.edu.ye
genevacorp.com.ye,genevacorp.com.ye,genevacorp.com.ye
geni.com.ye,geni.com.ye,geni.com.ye
genral-pc.gov.ye,genral-pc.gov.ye,genral-pc.gov.ye
geomatry.com.ye,geomatry.com.ye,geomatry.com.ye
geoportal.gov.ye,geoportal.gov.ye,geoportal.gov.ye
geoyemen.ye,geoyemen.ye,geoyemen.ye
german-resources-company.srs-mohe.gov.ye,german-resources-company.srs-mohe.gov.ye,srs-mohe.gov.ye
germancollege.edu.ye,germancollege.edu.ye,germancollege.edu.ye
gfalcon.com.ye,gfalcon.com.ye,gfalcon.com.ye
gfhasi.com.ye,gfhasi.com.ye,gfhasi.com.ye
ghars.org.ye,ghars.org.ye,ghars.org.ye
ghg.ye,ghg.ye,ghg.ye
ghosanaa.gov.ye,ghosanaa.gov.ye,ghosanaa.gov.ye
gia.gov.ye,gia.gov.ye,gia.gov.ye
giay.gov.ye,giay.gov.ye,giay.gov.ye
gis.gov.ye,gis.gov.ye,gis.gov.ye
glaxosmithkline.com.ye,glaxosmithkline.com.ye,glaxosmithkline.com.ye
glaxosmithkline.net.ye,glaxosmithkline.net.ye,glaxosmithkline.net.ye
global-ms.ye,global-ms.ye,global-ms.ye
globalhopepharma.com.ye,globalhopepharma.com.ye,globalhopepharma.com.ye
glowmarkip.com.ye,glowmarkip.com.ye,glowmarkip.com.ye
gm.yemen.net.ye,gm.yemen.net.ye,yemen.net.ye
gmghaden.com.ye,gmghaden.com.ye,gmghaden.com.ye
goam.gov.ye,goam.gov.ye,goam.gov.ye
goldengateyemen.com.ye,goldengateyemen.com.ye,goldengateyemen.com.ye
goldenhands.com.ye,goldenhands.com.ye,goldenhands.com.ye
goldenhawk.com.ye,goldenhawk.com.ye,goldenhawk.com.ye
goldenhouse.com.ye,goldenhouse.com.ye,goldenhouse.com.ye
goldstar.com.ye,goldstar.com.ye,goldstar.com.ye
gotech.com.ye,gotech.com.ye,gotech.com.ye
gov.ye,gov.ye,gov.ye
gpc.org.ye,gpc.org.ye,gpc.org.ye
gpm.amu.edu.ye,gpm.amu.edu.ye,amu.edu.ye
grainunion.ye,grainunion.ye,grainunion.ye
granada.com.ye,granada.com.ye,granada.com.ye
grantthornton.com.ye,grantthornton.com.ye,grantthornton.com.ye
gree.com.ye,gree.com.ye,gree.com.ye
greenyemen.com.ye,greenyemen.com.ye,greenyemen.com.ye
griffin.com.ye,griffin.com.ye,griffin.com.ye
group4securicor.com.ye,group4securicor.com.ye,group4securicor.com.ye
gscp.gov.ye,gscp.gov.ye,gscp.gov.ye
gsdo.org.ye,gsdo.org.ye,gsdo.org.ye
gsh.com.ye,gsh.com.ye,gsh.com.ye
gsk.com.ye,gsk.com.ye,gsk.com.ye
gsk.net.ye,gsk.net.ye,gsk.net.ye
gspr.gov.ye,gspr.gov.ye,gspr.gov.ye
gsr.com.ye,gsr.com.ye,gsr.com.ye
gti-elearn.edu.ye,gti-elearn.edu.ye,gti-elearn.edu.ye
gti.edu.ye,gti.edu.ye,gti.edu.ye
gtz-sfs.com.ye,gtz-sfs.com.ye,gtz-sfs.com.ye
guail.com.ye,guail.com.ye,guail.com.ye
gulfcare.ye,gulfcare.ye,gulfcare.ye
gulffactory.com.ye,gulffactory.com.ye,gulffactory.com.ye
gulfnow.com.ye,gulfnow.com.ye,gulfnow.com.ye
gulfpay.com.ye,gulfpay.com.ye,gulfpay.com.ye
gust.edu.ye,gust.edu.ye,gust.edu.ye
gysco.adn.com.ye,gysco.adn.com.ye,adn.com.ye
gysco.com.ye,gysco.com.ye,gysco.com.ye
h4.com.ye,h4.com.ye,h4.com.ye
hababigroup.com.ye,hababigroup.com.ye,hababigroup.com.ye
hadarahbook.srs-mohe.gov.ye,hadarahbook.srs-mohe.gov.ye,srs-mohe.gov.ye
haddelivery.com.ye,haddelivery.com.ye,haddelivery.com.ye
hadhramout.gov.ye,hadhramout.gov.ye,hadhramout.gov.ye
hadmothtl.com.ye,hadmothtl.com.ye,hadmothtl.com.ye
haj.gov.ye,haj.gov.ye,haj.gov.ye
hajjahmla.gov.ye,hajjahmla.gov.ye,hajjahmla.gov.ye
hajjahradio.net.ye,hajjahradio.net.ye,hajjahradio.net.ye
halsanea.com.ye,halsanea.com.ye,halsanea.com.ye
hasco.com.ye,hasco.com.ye,hasco.com.ye
hascoshell.com.ye,hascoshell.com.ye,hascoshell.com.ye
hasti.gov.ye,hasti.gov.ye,hasti.gov.ye
hasti.ye,hasti.ye,hasti.ye
hastierp.gov.ye,hastierp.gov.ye,hastierp.gov.ye
hatco.com.ye,hatco.com.ye,hatco.com.ye
hau.edu.ye,hau.edu.ye,hau.edu.ye
hayat-karimafsd.org.ye,hayat-karimafsd.org.ye,hayat-karimafsd.org.ye
hayya.com.ye,hayya.com.ye,hayya.com.ye
hcbank.com.ye,hcbank.com.ye,hcbank.com.ye
hccceb.edu.ye,hccceb.edu.ye,hccceb.edu.ye
hccceb.srs-mohe.gov.ye,hccceb.srs-mohe.gov.ye,srs-mohe.gov.ye
hdgate.hadhramout.gov.ye,hdgate.hadhramout.gov.ye,hadhramout.gov.ye
headstart.edu.ye,headstart.edu.ye,headstart.edu.ye
healtheye.com.ye,healtheye.com.ye,healtheye.com.ye
healthgeneration.com.ye,healthgeneration.com.ye,healthgeneration.com.ye
hellotravel.com.ye,hellotravel.com.ye,hellotravel.com.ye
helpme.y.net.ye,helpme.y.net.ye,y.net.ye
hereis.ye,hereis.ye,hereis.ye
hhbyemen.com.ye,hhbyemen.com.ye,hhbyemen.com.ye
hhord.org.ye,hhord.org.ye,hhord.org.ye
hic.edu.ye,hic.edu.ye,hic.edu.ye
hihs.edu.ye,hihs.edu.ye,hihs.edu.ye
hikma.edu.ye,hikma.edu.ye,hikma.edu.ye
hilti.com.ye,hilti.com.ye,hilti.com.ye
himel.ye,himel.ye,himel.ye
hji.moj.gov.ye,hji.moj.gov.ye,moj.gov.ye
hmf.com.ye,hmf.com.ye,hmf.com.ye
hocc.gov.ye,hocc.gov.ye,hocc.gov.ye
hod.gov.ye,hod.gov.ye,hod.gov.ye
hodship.aden.com.ye,hodship.aden.com.ye,aden.com.ye
hodship.com.ye,hodship.com.ye,hodship.com.ye
hoduniv.edu.ye,hoduniv.edu.ye,hoduniv.edu.ye
hoduniv.net.ye,hoduniv.net.ye,hoduniv.net.ye
holland.com.ye,holland.com.ye,holland.com.ye
hopper.com.ye,hopper.com.ye,hopper.com.ye
hospital.ye,hospital.ye,hospital.ye
hospitalaya.srs-mohe.gov.ye,hospitalaya.srs-mohe.gov.ye,srs-mohe.gov.ye
host.net.ye,host.net.ye,host.net.ye
host.yemen.net.ye,host.yemen.net.ye,yemen.net.ye
host.yemenrtv.net.ye,host.yemenrtv.net.ye,yemenrtv.net.ye
host2.testplsk.net.ye,host2.testplsk.net.ye,testplsk.net.ye
houseofdonuts.com.ye,houseofdonuts.com.ye,houseofdonuts.com.ye
housewareworld.com.ye,housewareworld.com.ye,housewareworld.com.ye
hq.pec.gov.ye,hq.pec.gov.ye,pec.gov.ye
hritc.org.ye,hritc.org.ye,hritc.org.ye
hrs.y.net.ye,hrs.y.net.ye,y.net.ye
hsa.com.ye,hsa.com.ye,hsa.com.ye
hsatco.com.ye,hsatco.com.ye,hsatco.com.ye
htb.gov.ye,htb.gov.ye,htb.gov.ye
hu.edu.ye,hu.edu.ye,hu.edu.ye
huawei.com.ye,huawei.com.ye,huawei.com.ye
hucom.edu.ye,hucom.edu.ye,hucom.edu.ye
humanyemen.org.ye,humanyemen.org.ye,humanyemen.org.ye
hust.edu.ye,hust.edu.ye,hust.edu.ye
hy-ye.com.ye,hy-ye.com.ye,hy-ye.com.ye
hypercall.com.ye,hypercall.com.ye,hypercall.com.ye
hyzpower-s.com.ye,hyzpower-s.com.ye,hyzpower-s.com.ye
ibb-wslc.gov.ye,ibb-wslc.gov.ye,ibb-wslc.gov.ye
ibbuniv.edu.ye,ibbuniv.edu.ye,ibbuniv.edu.ye
ibbunv.com.ye,ibbunv.com.ye,ibbunv.com.ye
ibnalhajpoultry.com.ye,ibnalhajpoultry.com.ye,ibnalhajpoultry.com.ye
ibnalkadri.com.ye,ibnalkadri.com.ye,ibnalkadri.com.ye
ibnzhr.com.ye,ibnzhr.com.ye,ibnzhr.com.ye
ibs.edu.ye,ibs.edu.ye,ibs.edu.ye
ic.gov.ye,ic.gov.ye,ic.gov.ye
icdl.ye,icdl.ye,icdl.ye
ict.ye,ict.ye,ict.ye
ictstockholder-yemen.net.ye,ictstockholder-yemen.net.ye,ictstockholder-yemen.net.ye
idea-advs.com.ye,idea-advs.com.ye,idea-advs.com.ye
idrees.com.ye,idrees.com.ye,idrees.com.ye
idsmap.cso.gov.ye,idsmap.cso.gov.ye,cso.gov.ye
iff.org.ye,iff.org.ye,iff.org.ye
ihuk.org.ye,ihuk.org.ye,ihuk.org.ye
ikea.com.ye,ikea.com.ye,ikea.com.ye
images.ufafpi.ye,images.ufafpi.ye,ufafpi.ye
imap.yemen.net.ye,imap.yemen.net.ye,yemen.net.ye
impact.com.ye,impact.com.ye,impact.com.ye
imtiaz.com.ye,imtiaz.com.ye,imtiaz.com.ye
imu.edu.ye,imu.edu.ye,imu.edu.ye
imue-learning.imu.edu.ye,imue-learning.imu.edu.ye,imu.edu.ye
in.gov.ye,in.gov.ye,in.gov.ye
indparkye.gov.ye,indparkye.gov.ye,indparkye.gov.ye
informationland.com.ye,informationland.com.ye,informationland.com.ye
inmapharma.com.ye,inmapharma.com.ye,inmapharma.com.ye
innocence.org.ye,innocence.org.ye,innocence.org.ye
innova.com.ye,innova.com.ye,innova.com.ye
innova.net.ye,innova.net.ye,innova.net.ye
innova.ye,innova.ye,innova.ye
instructors.su.edu.ye,instructors.su.edu.ye,su.edu.ye
interfood.ye,interfood.ye,interfood.ye
intergroup.com.ye,intergroup.com.ye,intergroup.com.ye
intranet.yemenmobile.com.ye,intranet.yemenmobile.com.ye,yemenmobile.com.ye
invest.ye,invest.ye,invest.ye
investinyemen.gov.ye,investinyemen.gov.ye,investinyemen.gov.ye
ipna.gov.ye,ipna.gov.ye,ipna.gov.ye
ipocm.org.ye,ipocm.org.ye,ipocm.org.ye
iptv.yemen.net.ye,iptv.yemen.net.ye,yemen.net.ye
ipv6.189.gov.ye,ipv6.189.gov.ye,189.gov.ye
ipv6.albaidany.com.ye,ipv6.albaidany.com.ye,albaidany.com.ye
ipv6.albaydhahis.gov.ye,ipv6.albaydhahis.gov.ye,albaydhahis.gov.ye
ipv6.alfaress.com.ye,ipv6.alfaress.com.ye,alfaress.com.ye
ipv6.alnamsapharma.com.ye,ipv6.alnamsapharma.com.ye,alnamsapharma.com.ye
ipv6.alsaeeda.com.ye,ipv6.alsaeeda.com.ye,alsaeeda.com.ye
ipv6.altamimigroup.com.ye,ipv6.altamimigroup.com.ye,altamimigroup.com.ye
ipv6.ams.com.ye,ipv6.ams.com.ye,ams.com.ye
ipv6.arrayamedical.com.ye,ipv6.arrayamedical.com.ye,arrayamedical.com.ye
ipv6.belqees.org.ye,ipv6.belqees.org.ye,belqees.org.ye
ipv6.capitalconsult.com.ye,ipv6.capitalconsult.com.ye,capitalconsult.com.ye
ipv6.crowe.com.ye,ipv6.crowe.com.ye,crowe.com.ye
ipv6.csswyemen.org.ye,ipv6.csswyemen.org.ye,csswyemen.org.ye
ipv6.dunes.org.ye,ipv6.dunes.org.ye,dunes.org.ye
ipv6.e-learning-moe.edu.ye,ipv6.e-learning-moe.edu.ye,e-learning-moe.edu.ye
ipv6.eesdsu.edu.ye,ipv6.eesdsu.edu.ye,eesdsu.edu.ye
ipv6.elearning.amanaedu.gov.ye,ipv6.elearning.amanaedu.gov.ye,amanaedu.gov.ye
ipv6.eswifi.com.ye,ipv6.eswifi.com.ye,eswifi.com.ye
ipv6.gia.gov.ye,ipv6.gia.gov.ye,gia.gov.ye
ipv6.goldenhawk.com.ye,ipv6.goldenhawk.com.ye,goldenhawk.com.ye
ipv6.gsdo.org.ye,ipv6.gsdo.org.ye,gsdo.org.ye
ipv6.hajjahmla.gov.ye,ipv6.hajjahmla.gov.ye,hajjahmla.gov.ye
ipv6.htb.gov.ye,ipv6.htb.gov.ye,htb.gov.ye
ipv6.imu.edu.ye,ipv6.imu.edu.ye,imu.edu.ye
ipv6.iutt.edu.ye,ipv6.iutt.edu.ye,iutt.edu.ye
ipv6.jthamararts.edu.ye,ipv6.jthamararts.edu.ye,jthamararts.edu.ye
ipv6.ltaa.gov.ye,ipv6.ltaa.gov.ye,ltaa.gov.ye
ipv6.mafco.com.ye,ipv6.mafco.com.ye,mafco.com.ye
ipv6.marvelflts.com.ye,ipv6.marvelflts.com.ye,marvelflts.com.ye
ipv6.medicinepharma.com.ye,ipv6.medicinepharma.com.ye,medicinepharma.com.ye
ipv6.mom.gov.ye,ipv6.mom.gov.ye,mom.gov.ye
ipv6.nabdhalseha.com.ye,ipv6.nabdhalseha.com.ye,nabdhalseha.com.ye
ipv6.nby.com.ye,ipv6.nby.com.ye,nby.com.ye
ipv6.ncgs.com.ye,ipv6.ncgs.com.ye,ncgs.com.ye
ipv6.newsite.yemen.net.ye,ipv6.newsite.yemen.net.ye,yemen.net.ye
ipv6.ngtech.com.ye,ipv6.ngtech.com.ye,ngtech.com.ye
ipv6.nooralyemen.com.ye,ipv6.nooralyemen.com.ye,nooralyemen.com.ye
ipv6.ntfo.org.ye,ipv6.ntfo.org.ye,ntfo.org.ye
ipv6.pec.gov.ye,ipv6.pec.gov.ye,pec.gov.ye
ipv6.phpf.org.ye,ipv6.phpf.org.ye,phpf.org.ye
ipv6.qasu.edu.ye,ipv6.qasu.edu.ye,qasu.edu.ye
ipv6.saffari.com.ye,ipv6.saffari.com.ye,saffari.com.ye
ipv6.smartlift.com.ye,ipv6.smartlift.com.ye,smartlift.com.ye
ipv6.smc.gov.ye,ipv6.smc.gov.ye,smc.gov.ye
ipv6.snacc.gov.ye,ipv6.snacc.gov.ye,snacc.gov.ye
ipv6.suerp.gov.ye,ipv6.suerp.gov.ye,suerp.gov.ye
ipv6.techsci-experts.com.ye,ipv6.techsci-experts.com.ye,techsci-experts.com.ye
ipv6.titmag.net.ye,ipv6.titmag.net.ye,titmag.net.ye
ipv6.ust.edu.ye,ipv6.ust.edu.ye,ust.edu.ye
ipv6.worldtrust.com.ye,ipv6.worldtrust.com.ye,worldtrust.com.ye
ipv6.y-fpd.org.ye,ipv6.y-fpd.org.ye,y-fpd.org.ye
ipv6.ye,ipv6.ye,ipv6.ye
ipv6.yeco.com.ye,ipv6.yeco.com.ye,yeco.com.ye
ipv6.yemen.net.ye,ipv6.yemen.net.ye,yemen.net.ye
ipv6.yemenalmufaddal.com.ye,ipv6.yemenalmufaddal.com.ye,yemenalmufaddal.com.ye
ipv6.yemeneng.org.ye,ipv6.yemeneng.org.ye,yemeneng.org.ye
ipv6.yemenvision.gov.ye,ipv6.yemenvision.gov.ye,yemenvision.gov.ye
ipv6.ygsmrb.org.ye,ipv6.ygsmrb.org.ye,ygsmrb.org.ye
ipv6.yiig.gov.ye,ipv6.yiig.gov.ye,yiig.gov.ye
ipv6.yms.gov.ye,ipv6.yms.gov.ye,yms.gov.ye
iqos.com.ye,iqos.com.ye,iqos.com.ye
iqraa.edu.ye,iqraa.edu.ye,iqraa.edu.ye
ishaqdrilling.com.ye,ishaqdrilling.com.ye,ishaqdrilling.com.ye
isiu.edu.ye,isiu.edu.ye,isiu.edu.ye
isoc.org.ye,isoc.org.ye,isoc.org.ye
isoc.ye,isoc.ye,isoc.ye
itunesradio.com.ye,itunesradio.com.ye,itunesradio.com.ye
iutt.edu.ye,iutt.edu.ye,iutt.edu.ye
ivf.y.net.ye,ivf.y.net.ye,y.net.ye
iy.com.ye,iy.com.ye,iy.com.ye
j.aljazeeraibb.edu.ye,j.aljazeeraibb.edu.ye,aljazeeraibb.edu.ye
jaib.com.ye,jaib.com.ye,jaib.com.ye
jan.com.ye,jan.com.ye,jan.com.ye
janataljawf.org.ye,janataljawf.org.ye,janataljawf.org.ye
jannat.com.ye,jannat.com.ye,jannat.com.ye
japanembassy.gov.ye,japanembassy.gov.ye,japanembassy.gov.ye
jawali-ye.com.ye,jawali-ye.com.ye,jawali-ye.com.ye
jawali.com.ye,jawali.com.ye,jawali.com.ye
jawber.com.ye,jawber.com.ye,jawber.com.ye
jeapyemen.org.ye,jeapyemen.org.ye,jeapyemen.org.ye
jeelalresala.edu.ye,jeelalresala.edu.ye,jeelalresala.edu.ye
jewel-sanaa.y.net.ye,jewel-sanaa.y.net.ye,y.net.ye
jia-au.gov.ye,jia-au.gov.ye,jia-au.gov.ye
jia.gov.ye,jia.gov.ye,jia.gov.ye
jica-tb-control.org.ye,jica-tb-control.org.ye,jica-tb-control.org.ye
jit.ptc.gov.ye,jit.ptc.gov.ye,ptc.gov.ye
jitsi.yemen.net.ye,jitsi.yemen.net.ye,yemen.net.ye
jklsanaa.gov.ye,jklsanaa.gov.ye,jklsanaa.gov.ye
jmoeew.gov.ye,jmoeew.gov.ye,jmoeew.gov.ye
joost.com.ye,joost.com.ye,joost.com.ye
jordan-medical.com.ye,jordan-medical.com.ye,jordan-medical.com.ye
journal.alraziuni.edu.ye,journal.alraziuni.edu.ye,alraziuni.edu.ye
journal.area.gov.ye,journal.area.gov.ye,area.gov.ye
journal.qau.edu.ye,journal.qau.edu.ye,qau.edu.ye
journal.tu.edu.ye,journal.tu.edu.ye,tu.edu.ye
journals.tu.edu.ye,journals.tu.edu.ye,tu.edu.ye
jthamararts.edu.ye,jthamararts.edu.ye,jthamararts.edu.ye
jubarigroup.com.ye,jubarigroup.com.ye,jubarigroup.com.ye
jumaanex.com.ye,jumaanex.com.ye,jumaanex.com.ye
jums.edu.ye,jums.edu.ye,jums.edu.ye
just.edu.ye,just.edu.ye,just.edu.ye
kafi.com.ye,kafi.com.ye,kafi.com.ye
kahili.y.net.ye,kahili.y.net.ye,y.net.ye
kam-alshebrycon.com.ye,kam-alshebrycon.com.ye,kam-alshebrycon.com.ye
kayan.com.ye,kayan.com.ye,kayan.com.ye
kaymu.com.ye,kaymu.com.ye,kaymu.com.ye
kbrisanaa.org.ye,kbrisanaa.org.ye,kbrisanaa.org.ye
kbtc.com.ye,kbtc.com.ye,kbtc.com.ye
kendafields.ye,kendafields.ye,kendafields.ye
kfd.org.ye,kfd.org.ye,kfd.org.ye
kfw-sanaa.com.ye,kfw-sanaa.com.ye,kfw-sanaa.com.ye
khalifa.y.net.ye,khalifa.y.net.ye,y.net.ye
kingsoft.com.ye,kingsoft.com.ye,kingsoft.com.ye
kirbyyemen.com.ye,kirbyyemen.com.ye,kirbyyemen.com.ye
kmsu.edu.ye,kmsu.edu.ye,kmsu.edu.ye
krm.com.ye,krm.com.ye,krm.com.ye
krm.net.ye,krm.net.ye,krm.net.ye
krmbank.net.ye,krmbank.net.ye,krmbank.net.ye
kuraimibank.ye,kuraimibank.ye,kuraimibank.ye
lab-ote.y.net.ye,lab-ote.y.net.ye,y.net.ye
lagonda.com.ye,lagonda.com.ye,lagonda.com.ye
law.hoduniv.net.ye,law.hoduniv.net.ye,hoduniv.net.ye
law.ye,law.ye,law.ye
lawitelecom.ye,lawitelecom.ye,lawitelecom.ye
lawzicompany.com.ye,lawzicompany.com.ye,lawzicompany.com.ye
lcms.e-learning-moe.edu.ye,lcms.e-learning-moe.edu.ye,e-learning-moe.edu.ye
legacy.sabafon.com.ye,legacy.sabafon.com.ye,sabafon.com.ye
legal-affairs.gov.ye,legal-affairs.gov.ye,legal-affairs.gov.ye
legalaffairs.gov.ye,legalaffairs.gov.ye,legalaffairs.gov.ye
lib.amu.edu.ye,lib.amu.edu.ye,amu.edu.ye
lib.tu.edu.ye,lib.tu.edu.ye,tu.edu.ye
lifetech.com.ye,lifetech.com.ye,lifetech.com.ye
limkokwing.edu.ye,limkokwing.edu.ye,limkokwing.edu.ye
linkads.ye,linkads.ye,linkads.ye
lion.com.ye,lion.com.ye,lion.com.ye
liu.edu.ye,liu.edu.ye,liu.edu.ye
lmis-mohp.com.ye,lmis-mohp.com.ye,lmis-mohp.com.ye
lmis.com.ye,lmis.com.ye,lmis.com.ye
lms.alraziuni.edu.ye,lms.alraziuni.edu.ye,alraziuni.edu.ye
lms.iutt.edu.ye,lms.iutt.edu.ye,iutt.edu.ye
lms.qau.edu.ye,lms.qau.edu.ye,qau.edu.ye
lms.seiyunu.edu.ye,lms.seiyunu.edu.ye,seiyunu.edu.ye
lms.taiz.edu.ye,lms.taiz.edu.ye,taiz.edu.ye
lms.ust.edu.ye,lms.ust.edu.ye,ust.edu.ye
logex.com.ye,logex.com.ye,logex.com.ye
ltaa.gov.ye,ltaa.gov.ye,ltaa.gov.ye
ltmobile.com.ye,ltmobile.com.ye,ltmobile.com.ye
lts.com.ye,lts.com.ye,lts.com.ye
luluatlbahr.net.ye,luluatlbahr.net.ye,luluatlbahr.net.ye
lumon.com.ye,lumon.com.ye,lumon.com.ye
luxcars.com.ye,luxcars.com.ye,luxcars.com.ye
m-tam.com.ye,m-tam.com.ye,m-tam.com.ye
m.cama.gov.ye,m.cama.gov.ye,cama.gov.ye
ma-ibb.gov.ye,ma-ibb.gov.ye,ma-ibb.gov.ye
maa.gov.ye,maa.gov.ye,maa.gov.ye
madd.com.ye,madd.com.ye,madd.com.ye
madhagefederation.com.ye,madhagefederation.com.ye,madhagefederation.com.ye
mafco.com.ye,mafco.com.ye,mafco.com.ye
mafwr.gov.ye,mafwr.gov.ye,mafwr.gov.ye
magnico.com.ye,magnico.com.ye,magnico.com.ye
mahattapress.com.ye,mahattapress.com.ye,mahattapress.com.ye
maicorp.com.ye,maicorp.com.ye,maicorp.com.ye
mail.13june-corp.com.ye,mail.13june-corp.com.ye,13june-corp.com.ye
mail.189.gov.ye,mail.189.gov.ye,189.gov.ye
mail.189.ye,mail.189.ye,189.ye
mail.1st-b.com.ye,mail.1st-b.com.ye,1st-b.com.ye
mail.21umas.edu.ye,mail.21umas.edu.ye,21umas.edu.ye
mail.22may.hospital.ye,mail.22may.hospital.ye,22may.hospital.ye
mail.3allimni.ye,mail.3allimni.ye,3allimni.ye
mail.4dimensions.com.ye,mail.4dimensions.com.ye,4dimensions.com.ye
mail.7october.com.ye,mail.7october.com.ye,7october.com.ye
mail.aaec.com.ye,mail.aaec.com.ye,aaec.com.ye
mail.abo-ragheb.com.ye,mail.abo-ragheb.com.ye,abo-ragheb.com.ye
mail.abofuad.com.ye,mail.abofuad.com.ye,abofuad.com.ye
mail.abojameel.com.ye,mail.abojameel.com.ye,abojameel.com.ye
mail.abomajed.com.ye,mail.abomajed.com.ye,abomajed.com.ye
mail.abomiskahmauawad.com.ye,mail.abomiskahmauawad.com.ye,abomiskahmauawad.com.ye
mail.abpco.com.ye,mail.abpco.com.ye,abpco.com.ye
mail.abunabgroup.com.ye,mail.abunabgroup.com.ye,abunabgroup.com.ye
mail.abuyasser-bros.com.ye,mail.abuyasser-bros.com.ye,abuyasser-bros.com.ye
mail.acf.gov.ye,mail.acf.gov.ye,acf.gov.ye
mail.acp.com.ye,mail.acp.com.ye,acp.com.ye
mail.actnow.org.ye,mail.actnow.org.ye,actnow.org.ye
mail.acu.org.ye,mail.acu.org.ye,acu.org.ye
mail.adengiu.edu.ye,mail.adengiu.edu.ye,adengiu.edu.ye
mail.adro.org.ye,mail.adro.org.ye,adro.org.ye
mail.adveva.ye,mail.adveva.ye,adveva.ye
mail.aeticc.com.ye,mail.aeticc.com.ye,aeticc.com.ye
mail.afy.gov.ye,mail.afy.gov.ye,afy.gov.ye
mail.aghhajjah.gov.ye,mail.aghhajjah.gov.ye,aghhajjah.gov.ye
mail.agoye.gov.ye,mail.agoye.gov.ye,agoye.gov.ye
mail.agriculturalguide.com.ye,mail.agriculturalguide.com.ye,agriculturalguide.com.ye
mail.agriculture.gov.ye,mail.agriculture.gov.ye,agriculture.gov.ye
mail.ahgaff.com.ye,mail.ahgaff.com.ye,ahgaff.com.ye
mail.ahm.com.ye,mail.ahm.com.ye,ahm.com.ye
mail.airtransport.gov.ye,mail.airtransport.gov.ye,airtransport.gov.ye
mail.ajnadeenpharma.com.ye,mail.ajnadeenpharma.com.ye,ajnadeenpharma.com.ye
mail.al-andalos.com.ye,mail.al-andalos.com.ye,al-andalos.com.ye
mail.al-emadfoundation.com.ye,mail.al-emadfoundation.com.ye,al-emadfoundation.com.ye
mail.al-fath.com.ye,mail.al-fath.com.ye,al-fath.com.ye
mail.al-kaisfirm.com.ye,mail.al-kaisfirm.com.ye,al-kaisfirm.com.ye
mail.al-mutameizahe.com.ye,mail.al-mutameizahe.com.ye,al-mutameizahe.com.ye
mail.alafaq.edu.ye,mail.alafaq.edu.ye,alafaq.edu.ye
mail.alahlasi.com.ye,mail.alahlasi.com.ye,alahlasi.com.ye
mail.alahliawater.com.ye,mail.alahliawater.com.ye,alahliawater.com.ye
mail.alahlyahpharma.com.ye,mail.alahlyahpharma.com.ye,alahlyahpharma.com.ye
mail.alaidrousexchange.com.ye,mail.alaidrousexchange.com.ye,alaidrousexchange.com.ye
mail.alalamiyahexp.com.ye,mail.alalamiyahexp.com.ye,alalamiyahexp.com.ye
mail.alamjad.edu.ye,mail.alamjad.edu.ye,alamjad.edu.ye
mail.alanqa.com.ye,mail.alanqa.com.ye,alanqa.com.ye
mail.alarabiagroup.com.ye,mail.alarabiagroup.com.ye,alarabiagroup.com.ye
mail.alaskari.com.ye,mail.alaskari.com.ye,alaskari.com.ye
mail.alaskari.net.ye,mail.alaskari.net.ye,alaskari.net.ye
mail.alataamedical.com.ye,mail.alataamedical.com.ye,alataamedical.com.ye
mail.alatta.org.ye,mail.alatta.org.ye,alatta.org.ye
mail.alayzour-store.net.ye,mail.alayzour-store.net.ye,alayzour-store.net.ye
mail.albadjiexchange.com.ye,mail.albadjiexchange.com.ye,albadjiexchange.com.ye
mail.albaidany.com.ye,mail.albaidany.com.ye,albaidany.com.ye
mail.albarakacenter.com.ye,mail.albarakacenter.com.ye,albarakacenter.com.ye
mail.albaydhahis.gov.ye,mail.albaydhahis.gov.ye,albaydhahis.gov.ye
mail.albayyinat.net.ye,mail.albayyinat.net.ye,albayyinat.net.ye
mail.albayynat.net.ye,mail.albayynat.net.ye,albayynat.net.ye
mail.albilad-exch.com.ye,mail.albilad-exch.com.ye,albilad-exch.com.ye
mail.alcomobile.com.ye,mail.alcomobile.com.ye,alcomobile.com.ye
mail.aldhurasi-est.com.ye,mail.aldhurasi-est.com.ye,aldhurasi-est.com.ye
mail.alenbehar.com.ye,mail.alenbehar.com.ye,alenbehar.com.ye
mail.alezzpharma.com.ye,mail.alezzpharma.com.ye,alezzpharma.com.ye
mail.alfahadsecurity.com.ye,mail.alfahadsecurity.com.ye,alfahadsecurity.com.ye
mail.alfanar.com.ye,mail.alfanar.com.ye,alfanar.com.ye
mail.alfaress.com.ye,mail.alfaress.com.ye,alfaress.com.ye
mail.alforatyemen.com.ye,mail.alforatyemen.com.ye,alforatyemen.com.ye
mail.algeni.com.ye,mail.algeni.com.ye,algeni.com.ye
mail.alghadir.com.ye,mail.alghadir.com.ye,alghadir.com.ye
mail.algossteel.com.ye,mail.algossteel.com.ye,algossteel.com.ye
mail.alhadatha.com.ye,mail.alhadatha.com.ye,alhadatha.com.ye
mail.alhajajigroup.ye,mail.alhajajigroup.ye,alhajajigroup.ye
mail.alhashdico.com.ye,mail.alhashdico.com.ye,alhashdico.com.ye
mail.alhezmi.com.ye,mail.alhezmi.com.ye,alhezmi.com.ye
mail.alhitarex.ye,mail.alhitarex.ye,alhitarex.ye
mail.alhubishicenter.com.ye,mail.alhubishicenter.com.ye,alhubishicenter.com.ye
mail.alhudaydahradio.net.ye,mail.alhudaydahradio.net.ye,alhudaydahradio.net.ye
mail.aljawf.gov.ye,mail.aljawf.gov.ye,aljawf.gov.ye
mail.aljohn.com.ye,mail.aljohn.com.ye,aljohn.com.ye
mail.aljowf-friends.org.ye,mail.aljowf-friends.org.ye,aljowf-friends.org.ye
mail.alkabsh.com.ye,mail.alkabsh.com.ye,alkabsh.com.ye
mail.alkantop.com.ye,mail.alkantop.com.ye,alkantop.com.ye
mail.alkawniapharma.com.ye,mail.alkawniapharma.com.ye,alkawniapharma.com.ye
mail.alkboos.com.ye,mail.alkboos.com.ye,alkboos.com.ye
mail.alkirshi.com.ye,mail.alkirshi.com.ye,alkirshi.com.ye
mail.almadar.ye,mail.almadar.ye,almadar.ye
mail.almasirah.net.ye,mail.almasirah.net.ye,almasirah.net.ye
mail.almawaddahhospital.com.ye,mail.almawaddahhospital.com.ye,almawaddahhospital.com.ye
mail.almillion.com.ye,mail.almillion.com.ye,almillion.com.ye
mail.almizantrading.com.ye,mail.almizantrading.com.ye,almizantrading.com.ye
mail.almoheebex.com.ye,mail.almoheebex.com.ye,almoheebex.com.ye
mail.almontab.com.ye,mail.almontab.com.ye,almontab.com.ye
mail.alnafisuni.edu.ye,mail.alnafisuni.edu.ye,alnafisuni.edu.ye
mail.alnahdah.org.ye,mail.alnahdah.org.ye,alnahdah.org.ye
mail.alnamsapharma.com.ye,mail.alnamsapharma.com.ye,alnamsapharma.com.ye
mail.alnasserbros.com.ye,mail.alnasserbros.com.ye,alnasserbros.com.ye
mail.alnasserdf.org.ye,mail.alnasserdf.org.ye,alnasserdf.org.ye
mail.alnazihpharma.com.ye,mail.alnazihpharma.com.ye,alnazihpharma.com.ye
mail.alnehmigroup.ye,mail.alnehmigroup.ye,alnehmigroup.ye
mail.alnuzaily.edu.ye,mail.alnuzaily.edu.ye,alnuzaily.edu.ye
mail.alothaib.com.ye,mail.alothaib.com.ye,alothaib.com.ye
mail.alquranalkareem.ye,mail.alquranalkareem.ye,alquranalkareem.ye
mail.alqureetrading.ye,mail.alqureetrading.ye,alqureetrading.ye
mail.alrawdaex.ye,mail.alrawdaex.ye,alrawdaex.ye
mail.alrayan-university.edu.ye,mail.alrayan-university.edu.ye,alrayan-university.edu.ye
mail.alraziuni.edu.ye,mail.alraziuni.edu.ye,alraziuni.edu.ye
mail.alrehab.com.ye,mail.alrehab.com.ye,alrehab.com.ye
mail.alrowaduni.edu.ye,mail.alrowaduni.edu.ye,alrowaduni.edu.ye
mail.alsaedahrawdah.com.ye,mail.alsaedahrawdah.com.ye,alsaedahrawdah.com.ye
mail.alsaeeda.com.ye,mail.alsaeeda.com.ye,alsaeeda.com.ye
mail.alsahattv.com.ye,mail.alsahattv.com.ye,alsahattv.com.ye
mail.alsalehssfd.org.ye,mail.alsalehssfd.org.ye,alsalehssfd.org.ye
mail.alsalehuni.edu.ye,mail.alsalehuni.edu.ye,alsalehuni.edu.ye
mail.alsewarri.com.ye,mail.alsewarri.com.ye,alsewarri.com.ye
mail.alshaimagrp.ye,mail.alshaimagrp.ye,alshaimagrp.ye
mail.alshamilawfirm.law.ye,mail.alshamilawfirm.law.ye,alshamilawfirm.law.ye
mail.alshefa-import.com.ye,mail.alshefa-import.com.ye,alshefa-import.com.ye
mail.alsheharymedical.com.ye,mail.alsheharymedical.com.ye,alsheharymedical.com.ye
mail.alsuraihigroup.com.ye,mail.alsuraihigroup.com.ye,alsuraihigroup.com.ye
mail.altamimigroup.com.ye,mail.altamimigroup.com.ye,altamimigroup.com.ye
mail.althawrati.edu.ye,mail.althawrati.edu.ye,althawrati.edu.ye
mail.altuhaifgroup.com.ye,mail.altuhaifgroup.com.ye,altuhaifgroup.com.ye
mail.alumniclub.ye,mail.alumniclub.ye,alumniclub.ye
mail.alwahashy.com.ye,mail.alwahashy.com.ye,alwahashy.com.ye
mail.alwhed.com.ye,mail.alwhed.com.ye,alwhed.com.ye
mail.alyousef.com.ye,mail.alyousef.com.ye,alyousef.com.ye
mail.alzubaidi.net.ye,mail.alzubaidi.net.ye,alzubaidi.net.ye
mail.alzubairiaa.com.ye,mail.alzubairiaa.com.ye,alzubairiaa.com.ye
mail.amadeus.com.ye,mail.amadeus.com.ye,amadeus.com.ye
mail.amalikgc.com.ye,mail.amalikgc.com.ye,amalikgc.com.ye
mail.amanaedu.gov.ye,mail.amanaedu.gov.ye,amanaedu.gov.ye
mail.amranhealth.gov.ye,mail.amranhealth.gov.ye,amranhealth.gov.ye
mail.ams.com.ye,mail.ams.com.ye,ams.com.ye
mail.amu.edu.ye,mail.amu.edu.ye,amu.edu.ye
mail.and.com.ye,mail.and.com.ye,and.com.ye
mail.annajm.com.ye,mail.annajm.com.ye,annajm.com.ye
mail.annajmmobily.com.ye,mail.annajmmobily.com.ye,annajmmobily.com.ye
mail.annajmplus.com.ye,mail.annajmplus.com.ye,annajmplus.com.ye
mail.annajmplus.ye,mail.annajmplus.ye,annajmplus.ye
mail.anwar.com.ye,mail.anwar.com.ye,anwar.com.ye
mail.aoman.com.ye,mail.aoman.com.ye,aoman.com.ye
mail.approvaltelecom.com.ye,mail.approvaltelecom.com.ye,approvaltelecom.com.ye
mail.aqar.ye,mail.aqar.ye,aqar.ye
mail.arabfuturehorizn.com.ye,mail.arabfuturehorizn.com.ye,arabfuturehorizn.com.ye
mail.ardnit.com.ye,mail.ardnit.com.ye,ardnit.com.ye
mail.area.gov.ye,mail.area.gov.ye,area.gov.ye
mail.arrayamedical.com.ye,mail.arrayamedical.com.ye,arrayamedical.com.ye
mail.asa.com.ye,mail.asa.com.ye,asa.com.ye
mail.asffor.com.ye,mail.asffor.com.ye,asffor.com.ye
mail.askmonther.com.ye,mail.askmonther.com.ye,askmonther.com.ye
mail.ath.gov.ye,mail.ath.gov.ye,ath.gov.ye
mail.attabco.com.ye,mail.attabco.com.ye,attabco.com.ye
mail.atwar.com.ye,mail.atwar.com.ye,atwar.com.ye
mail.au.edu.ye,mail.au.edu.ye,au.edu.ye
mail.auc.com.ye,mail.auc.com.ye,auc.com.ye
mail.auhd.edu.ye,mail.auhd.edu.ye,auhd.edu.ye
mail.authmohe.gov.ye,mail.authmohe.gov.ye,authmohe.gov.ye
mail.autoreference.com.ye,mail.autoreference.com.ye,autoreference.com.ye
mail.auy.edu.ye,mail.auy.edu.ye,auy.edu.ye
mail.awadhicorp.com.ye,mail.awadhicorp.com.ye,awadhicorp.com.ye
mail.awmanpay.com.ye,mail.awmanpay.com.ye,awmanpay.com.ye
mail.awqaf.ye,mail.awqaf.ye,awqaf.ye
mail.axi-1.yemen.net.ye,mail.axi-1.yemen.net.ye,yemen.net.ye
mail.axiom.com.ye,mail.axiom.com.ye,axiom.com.ye
mail.ayma.com.ye,mail.ayma.com.ye,ayma.com.ye
mail.azka.com.ye,mail.azka.com.ye,azka.com.ye
mail.azzanpharma.com.ye,mail.azzanpharma.com.ye,azzanpharma.com.ye
mail.badeeb.com.ye,mail.badeeb.com.ye,badeeb.com.ye
mail.bahaj.com.ye,mail.bahaj.com.ye,bahaj.com.ye
mail.barakishgroup.com.ye,mail.barakishgroup.com.ye,barakishgroup.com.ye
mail.bdh.edu.ye,mail.bdh.edu.ye,bdh.edu.ye
mail.bdic.gov.ye,mail.bdic.gov.ye,bdic.gov.ye
mail.belqees.org.ye,mail.belqees.org.ye,belqees.org.ye
mail.bertix.com.ye,mail.bertix.com.ye,bertix.com.ye
mail.betayemen.com.ye,mail.betayemen.com.ye,betayemen.com.ye
mail.bg.com.ye,mail.bg.com.ye,bg.com.ye
mail.blueseas.com.ye,mail.blueseas.com.ye,blueseas.com.ye
mail.bonyan.edu.ye,mail.bonyan.edu.ye,bonyan.edu.ye
mail.bonyan.org.ye,mail.bonyan.org.ye,bonyan.org.ye
mail.bordersoffice.gov.ye,mail.bordersoffice.gov.ye,bordersoffice.gov.ye
mail.bosch.com.ye,mail.bosch.com.ye,bosch.com.ye
mail.brandtech.com.ye,mail.brandtech.com.ye,brandtech.com.ye
mail.bravda.com.ye,mail.bravda.com.ye,bravda.com.ye
mail.brilliant.com.ye,mail.brilliant.com.ye,brilliant.com.ye
mail.bst.ye,mail.bst.ye,bst.ye
mail.bstc.com.ye,mail.bstc.com.ye,bstc.com.ye
mail.cacbank.com.ye,mail.cacbank.com.ye,cacbank.com.ye
mail.cacislamic.com.ye,mail.cacislamic.com.ye,cacislamic.com.ye
mail.cacit.com.ye,mail.cacit.com.ye,cacit.com.ye
mail.cama.gov.ye,mail.cama.gov.ye,cama.gov.ye
mail.capitalconsult.com.ye,mail.capitalconsult.com.ye,capitalconsult.com.ye
mail.capitalsanaa.gov.ye,mail.capitalsanaa.gov.ye,capitalsanaa.gov.ye
mail.cappo.gov.ye,mail.cappo.gov.ye,cappo.gov.ye
mail.ccabs.edu.ye,mail.ccabs.edu.ye,ccabs.edu.ye
mail.ccsanaa.com.ye,mail.ccsanaa.com.ye,ccsanaa.com.ye
mail.cdu.gov.ye,mail.cdu.gov.ye,cdu.gov.ye
mail.centralbank.gov.ye,mail.centralbank.gov.ye,centralbank.gov.ye
mail.childrensplace.org.ye,mail.childrensplace.org.ye,childrensplace.org.ye
mail.chrysler.com.ye,mail.chrysler.com.ye,chrysler.com.ye
mail.cid.gov.ye,mail.cid.gov.ye,cid.gov.ye
mail.cleaningfund.gov.ye,mail.cleaningfund.gov.ye,cleaningfund.gov.ye
mail.clearparis.ye,mail.clearparis.ye,clearparis.ye
mail.cra.gov.ye,mail.cra.gov.ye,cra.gov.ye
mail.crazzypark.com.ye,mail.crazzypark.com.ye,crazzypark.com.ye
mail.criticalvision.com.ye,mail.criticalvision.com.ye,criticalvision.com.ye
mail.crowe.com.ye,mail.crowe.com.ye,crowe.com.ye
mail.cs.gov.ye,mail.cs.gov.ye,cs.gov.ye
mail.csky.com.ye,mail.csky.com.ye,csky.com.ye
mail.cso.gov.ye,mail.cso.gov.ye,cso.gov.ye
mail.csswyemen.org.ye,mail.csswyemen.org.ye,csswyemen.org.ye
mail.curevet.com.ye,mail.curevet.com.ye,curevet.com.ye
mail.custom-it.gov.ye,mail.custom-it.gov.ye,custom-it.gov.ye
mail.customs.gov.ye,mail.customs.gov.ye,customs.gov.ye
mail.daraldawas.com.ye,mail.daraldawas.com.ye,daraldawas.com.ye
mail.daralhajarex.com.ye,mail.daralhajarex.com.ye,daralhajarex.com.ye
mail.dasweltauto.com.ye,mail.dasweltauto.com.ye,dasweltauto.com.ye
mail.dcc.edu.ye,mail.dcc.edu.ye,dcc.edu.ye
mail.demag.com.ye,mail.demag.com.ye,demag.com.ye
mail.denkpharma.ye,mail.denkpharma.ye,denkpharma.ye
mail.developerdemo.ye,mail.developerdemo.ye,developerdemo.ye
mail.dh.gov.ye,mail.dh.gov.ye,dh.gov.ye
mail.dhamarnet.com.ye,mail.dhamarnet.com.ye,dhamarnet.com.ye
mail.dhamarnet.ye,mail.dhamarnet.ye,dhamarnet.ye
mail.digitalcity.com.ye,mail.digitalcity.com.ye,digitalcity.com.ye
mail.directory.ye,mail.directory.ye,directory.ye
mail.dnb.com.ye,mail.dnb.com.ye,dnb.com.ye
mail.dodge.com.ye,mail.dodge.com.ye,dodge.com.ye
mail.dprdp.com.ye,mail.dprdp.com.ye,dprdp.com.ye
mail.drmikhlafi-hc.com.ye,mail.drmikhlafi-hc.com.ye,drmikhlafi-hc.com.ye
mail.dsca.org.ye,mail.dsca.org.ye,dsca.org.ye
mail.dse.com.ye,mail.dse.com.ye,dse.com.ye
mail.dsu.edu.ye,mail.dsu.edu.ye,dsu.edu.ye
mail.dubaitoys.com.ye,mail.dubaitoys.com.ye,dubaitoys.com.ye
mail.dunes.org.ye,mail.dunes.org.ye,dunes.org.ye
mail.dusu.edu.ye,mail.dusu.edu.ye,dusu.edu.ye
mail.e-learning-moe.edu.ye,mail.e-learning-moe.edu.ye,e-learning-moe.edu.ye
mail.e-school-y.com.ye,mail.e-school-y.com.ye,e-school-y.com.ye
mail.eaglehotel.com.ye,mail.eaglehotel.com.ye,eaglehotel.com.ye
mail.easylife.com.ye,mail.easylife.com.ye,easylife.com.ye
mail.easylink.com.ye,mail.easylink.com.ye,easylink.com.ye
mail.ebdaaalbena.com.ye,mail.ebdaaalbena.com.ye,ebdaaalbena.com.ye
mail.ebtecarcadcam.com.ye,mail.ebtecarcadcam.com.ye,ebtecarcadcam.com.ye
mail.ecc.ye,mail.ecc.ye,ecc.ye
mail.eesdsu.edu.ye,mail.eesdsu.edu.ye,eesdsu.edu.ye
mail.eiu.edu.ye,mail.eiu.edu.ye,eiu.edu.ye
mail.elearning.amanaedu.gov.ye,mail.elearning.amanaedu.gov.ye,amanaedu.gov.ye
mail.elections.gov.ye,mail.elections.gov.ye,elections.gov.ye
mail.eng-su.edu.ye,mail.eng-su.edu.ye,eng-su.edu.ye
mail.english.almasirah.net.ye,mail.english.almasirah.net.ye,almasirah.net.ye
mail.eoi.ye,mail.eoi.ye,eoi.ye
mail.eomnv.gov.ye,mail.eomnv.gov.ye,eomnv.gov.ye
mail.epa.gov.ye,mail.epa.gov.ye,epa.gov.ye
mail.eskaan.com.ye,mail.eskaan.com.ye,eskaan.com.ye
mail.eswifi.com.ye,mail.eswifi.com.ye,eswifi.com.ye
mail.etqanstar.com.ye,mail.etqanstar.com.ye,etqanstar.com.ye
mail.europcar.com.ye,mail.europcar.com.ye,europcar.com.ye
mail.falcons.com.ye,mail.falcons.com.ye,falcons.com.ye
mail.fas-hust.edu.ye,mail.fas-hust.edu.ye,fas-hust.edu.ye
mail.fastcar.com.ye,mail.fastcar.com.ye,fastcar.com.ye
mail.fewtexglobal.com.ye,mail.fewtexglobal.com.ye,fewtexglobal.com.ye
mail.fewtexglobalcorp.com.ye,mail.fewtexglobalcorp.com.ye,fewtexglobalcorp.com.ye
mail.firstnovartic.com.ye,mail.firstnovartic.com.ye,firstnovartic.com.ye
mail.fiu.gov.ye,mail.fiu.gov.ye,fiu.gov.ye
mail.folderstech.com.ye,mail.folderstech.com.ye,folderstech.com.ye
mail.fortech.com.ye,mail.fortech.com.ye,fortech.com.ye
mail.fortressmed.com.ye,mail.fortressmed.com.ye,fortressmed.com.ye
mail.fourseasons.com.ye,mail.fourseasons.com.ye,fourseasons.com.ye
mail.fuchsoil.com.ye,mail.fuchsoil.com.ye,fuchsoil.com.ye
mail.fuchsoilyemen.com.ye,mail.fuchsoilyemen.com.ye,fuchsoilyemen.com.ye
mail.fujifilm.com.ye,mail.fujifilm.com.ye,fujifilm.com.ye
mail.fujitsu.com.ye,mail.fujitsu.com.ye,fujitsu.com.ye
mail.fulltech.com.ye,mail.fulltech.com.ye,fulltech.com.ye
mail.futureenergy.com.ye,mail.futureenergy.com.ye,futureenergy.com.ye
mail.fuy.edu.ye,mail.fuy.edu.ye,fuy.edu.ye
mail.gaiu.edu.ye,mail.gaiu.edu.ye,gaiu.edu.ye
mail.galsup.gov.ye,mail.galsup.gov.ye,galsup.gov.ye
mail.gamaltrans.ye,mail.gamaltrans.ye,gamaltrans.ye
mail.garninpharma.com.ye,mail.garninpharma.com.ye,garninpharma.com.ye
mail.gasmed.gov.ye,mail.gasmed.gov.ye,gasmed.gov.ye
mail.gateway.com.ye,mail.gateway.com.ye,gateway.com.ye
mail.gbs.edu.ye,mail.gbs.edu.ye,gbs.edu.ye
mail.gcnic.com.ye,mail.gcnic.com.ye,gcnic.com.ye
mail.gcsbpp.gov.ye,mail.gcsbpp.gov.ye,gcsbpp.gov.ye
mail.gcss.ye,mail.gcss.ye,gcss.ye
mail.genevacorp.com.ye,mail.genevacorp.com.ye,genevacorp.com.ye
mail.geni.com.ye,mail.geni.com.ye,geni.com.ye
mail.genral-pc.gov.ye,mail.genral-pc.gov.ye,genral-pc.gov.ye
mail.germancollege.edu.ye,mail.germancollege.edu.ye,germancollege.edu.ye
mail.ghars.org.ye,mail.ghars.org.ye,ghars.org.ye
mail.ghg.ye,mail.ghg.ye,ghg.ye
mail.ghosanaa.gov.ye,mail.ghosanaa.gov.ye,ghosanaa.gov.ye
mail.gia.gov.ye,mail.gia.gov.ye,gia.gov.ye
mail.global-ms.ye,mail.global-ms.ye,global-ms.ye
mail.glowmarkip.com.ye,mail.glowmarkip.com.ye,glowmarkip.com.ye
mail.gmghaden.com.ye,mail.gmghaden.com.ye,gmghaden.com.ye
mail.goam.gov.ye,mail.goam.gov.ye,goam.gov.ye
mail.goldengateyemen.com.ye,mail.goldengateyemen.com.ye,goldengateyemen.com.ye
mail.goldenhands.com.ye,mail.goldenhands.com.ye,goldenhands.com.ye
mail.goldenhawk.com.ye,mail.goldenhawk.com.ye,goldenhawk.com.ye
mail.goldenhouse.com.ye,mail.goldenhouse.com.ye,goldenhouse.com.ye
mail.goldstar.com.ye,mail.goldstar.com.ye,goldstar.com.ye
mail.gotech.com.ye,mail.gotech.com.ye,gotech.com.ye
mail.gov.ye,mail.gov.ye,mail.gov.ye
mail.grainunion.ye,mail.grainunion.ye,grainunion.ye
mail.gree.com.ye,mail.gree.com.ye,gree.com.ye
mail.greenyemen.com.ye,mail.greenyemen.com.ye,greenyemen.com.ye
mail.gscp.gov.ye,mail.gscp.gov.ye,gscp.gov.ye
mail.gsdo.org.ye,mail.gsdo.org.ye,gsdo.org.ye
mail.gsh.com.ye,mail.gsh.com.ye,gsh.com.ye
mail.gspr.gov.ye,mail.gspr.gov.ye,gspr.gov.ye
mail.gsr.com.ye,mail.gsr.com.ye,gsr.com.ye
mail.gti.edu.ye,mail.gti.edu.ye,gti.edu.ye
mail.guail.com.ye,mail.guail.com.ye,guail.com.ye
mail.gulffactory.com.ye,mail.gulffactory.com.ye,gulffactory.com.ye
mail.gust.edu.ye,mail.gust.edu.ye,gust.edu.ye
mail.gysco.com.ye,mail.gysco.com.ye,gysco.com.ye
mail.haj.gov.ye,mail.haj.gov.ye,haj.gov.ye
mail.hajjahmla.gov.ye,mail.hajjahmla.gov.ye,hajjahmla.gov.ye
mail.hajjahradio.net.ye,mail.hajjahradio.net.ye,hajjahradio.net.ye
mail.halsanea.com.ye,mail.halsanea.com.ye,halsanea.com.ye
mail.hasti.gov.ye,mail.hasti.gov.ye,hasti.gov.ye
mail.hasti.ye,mail.hasti.ye,hasti.ye
mail.hatco.com.ye,mail.hatco.com.ye,hatco.com.ye
mail.hayat-karimafsd.org.ye,mail.hayat-karimafsd.org.ye,hayat-karimafsd.org.ye
mail.hccceb.edu.ye,mail.hccceb.edu.ye,hccceb.edu.ye
mail.headstart.edu.ye,mail.headstart.edu.ye,headstart.edu.ye
mail.healtheye.com.ye,mail.healtheye.com.ye,healtheye.com.ye
mail.healthgeneration.com.ye,mail.healthgeneration.com.ye,healthgeneration.com.ye
mail.hellotravel.com.ye,mail.hellotravel.com.ye,hellotravel.com.ye
mail.hhbyemen.com.ye,mail.hhbyemen.com.ye,hhbyemen.com.ye
mail.hhord.org.ye,mail.hhord.org.ye,hhord.org.ye
mail.hikma.edu.ye,mail.hikma.edu.ye,hikma.edu.ye
mail.hmf.com.ye,mail.hmf.com.ye,hmf.com.ye
mail.hod.gov.ye,mail.hod.gov.ye,hod.gov.ye
mail.hodship.com.ye,mail.hodship.com.ye,hodship.com.ye
mail.hoduniv.net.ye,mail.hoduniv.net.ye,hoduniv.net.ye
mail.host.net.ye,mail.host.net.ye,host.net.ye
mail.host.yemen.net.ye,mail.host.yemen.net.ye,yemen.net.ye
mail.houseofdonuts.com.ye,mail.houseofdonuts.com.ye,houseofdonuts.com.ye
mail.housewareworld.com.ye,mail.housewareworld.com.ye,housewareworld.com.ye
mail.hritc.org.ye,mail.hritc.org.ye,hritc.org.ye
mail.htb.gov.ye,mail.htb.gov.ye,htb.gov.ye
mail.hu.edu.ye,mail.hu.edu.ye,hu.edu.ye
mail.hucom.edu.ye,mail.hucom.edu.ye,hucom.edu.ye
mail.humanyemen.org.ye,mail.humanyemen.org.ye,humanyemen.org.ye
mail.ibb-wslc.gov.ye,mail.ibb-wslc.gov.ye,ibb-wslc.gov.ye
mail.ibbuniv.edu.ye,mail.ibbuniv.edu.ye,ibbuniv.edu.ye
mail.ibnalhajpoultry.com.ye,mail.ibnalhajpoultry.com.ye,ibnalhajpoultry.com.ye
mail.ibnalkadri.com.ye,mail.ibnalkadri.com.ye,ibnalkadri.com.ye
mail.ibnzhr.com.ye,mail.ibnzhr.com.ye,ibnzhr.com.ye
mail.ibs.edu.ye,mail.ibs.edu.ye,ibs.edu.ye
mail.idea-advs.com.ye,mail.idea-advs.com.ye,idea-advs.com.ye
mail.idrees.com.ye,mail.idrees.com.ye,idrees.com.ye
mail.iff.org.ye,mail.iff.org.ye,iff.org.ye
mail.ihuk.org.ye,mail.ihuk.org.ye,ihuk.org.ye
mail.ikea.com.ye,mail.ikea.com.ye,ikea.com.ye
mail.imu.edu.ye,mail.imu.edu.ye,imu.edu.ye
mail.inmapharma.com.ye,mail.inmapharma.com.ye,inmapharma.com.ye
mail.innocence.org.ye,mail.innocence.org.ye,innocence.org.ye
mail.interfood.ye,mail.interfood.ye,interfood.ye
mail.invest.ye,mail.invest.ye,invest.ye
mail.investinyemen.gov.ye,mail.investinyemen.gov.ye,investinyemen.gov.ye
mail.ipna.gov.ye,mail.ipna.gov.ye,ipna.gov.ye
mail.ipocm.org.ye,mail.ipocm.org.ye,ipocm.org.ye
mail.ipv6.ye,mail.ipv6.ye,ipv6.ye
mail.iqos.com.ye,mail.iqos.com.ye,iqos.com.ye
mail.iqraa.edu.ye,mail.iqraa.edu.ye,iqraa.edu.ye
mail.isiu.edu.ye,mail.isiu.edu.ye,isiu.edu.ye
mail.isoc.ye,mail.isoc.ye,isoc.ye
mail.itunesradio.com.ye,mail.itunesradio.com.ye,itunesradio.com.ye
mail.iutt.edu.ye,mail.iutt.edu.ye,iutt.edu.ye
mail.jan.com.ye,mail.jan.com.ye,jan.com.ye
mail.janataljawf.org.ye,mail.janataljawf.org.ye,janataljawf.org.ye
mail.jannat.com.ye,mail.jannat.com.ye,jannat.com.ye
mail.jawali-ye.com.ye,mail.jawali-ye.com.ye,jawali-ye.com.ye
mail.jeapyemen.org.ye,mail.jeapyemen.org.ye,jeapyemen.org.ye
mail.jeelalresala.edu.ye,mail.jeelalresala.edu.ye,jeelalresala.edu.ye
mail.jia.gov.ye,mail.jia.gov.ye,jia.gov.ye
mail.jordan-medical.com.ye,mail.jordan-medical.com.ye,jordan-medical.com.ye
mail.jthamararts.edu.ye,mail.jthamararts.edu.ye,jthamararts.edu.ye
mail.jubarigroup.com.ye,mail.jubarigroup.com.ye,jubarigroup.com.ye
mail.kam-alshebrycon.com.ye,mail.kam-alshebrycon.com.ye,kam-alshebrycon.com.ye
mail.kaymu.com.ye,mail.kaymu.com.ye,kaymu.com.ye
mail.kbtc.com.ye,mail.kbtc.com.ye,kbtc.com.ye
mail.kendafields.ye,mail.kendafields.ye,kendafields.ye
mail.kfd.org.ye,mail.kfd.org.ye,kfd.org.ye
mail.kirbyyemen.com.ye,mail.kirbyyemen.com.ye,kirbyyemen.com.ye
mail.kms.yemen.net.ye,mail.kms.yemen.net.ye,yemen.net.ye
mail.krm.com.ye,mail.krm.com.ye,krm.com.ye
mail.lawzicompany.com.ye,mail.lawzicompany.com.ye,lawzicompany.com.ye
mail.legal-affairs.gov.ye,mail.legal-affairs.gov.ye,legal-affairs.gov.ye
mail.lifetech.com.ye,mail.lifetech.com.ye,lifetech.com.ye
mail.limkokwing.edu.ye,mail.limkokwing.edu.ye,limkokwing.edu.ye
mail.lms.taiz.edu.ye,mail.lms.taiz.edu.ye,taiz.edu.ye
mail.logex.com.ye,mail.logex.com.ye,logex.com.ye
mail.ltaa.gov.ye,mail.ltaa.gov.ye,ltaa.gov.ye
mail.ltmobile.com.ye,mail.ltmobile.com.ye,ltmobile.com.ye
mail.luluatlbahr.net.ye,mail.luluatlbahr.net.ye,luluatlbahr.net.ye
mail.luxcars.com.ye,mail.luxcars.com.ye,luxcars.com.ye
mail.m-tam.com.ye,mail.m-tam.com.ye,m-tam.com.ye
mail.ma-ibb.gov.ye,mail.ma-ibb.gov.ye,ma-ibb.gov.ye
mail.madhagefederation.com.ye,mail.madhagefederation.com.ye,madhagefederation.com.ye
mail.mafco.com.ye,mail.mafco.com.ye,mafco.com.ye
mail.mafwr.gov.ye,mail.mafwr.gov.ye,mafwr.gov.ye
mail.magnico.com.ye,mail.magnico.com.ye,magnico.com.ye
mail.maicorp.com.ye,mail.maicorp.com.ye,maicorp.com.ye
mail.mailserver.smeps.org.ye,mail.mailserver.smeps.org.ye,smeps.org.ye
mail.majeedigroup.com.ye,mail.majeedigroup.com.ye,majeedigroup.com.ye
mail.makehope.org.ye,mail.makehope.org.ye,makehope.org.ye
mail.manafiealyemen.com.ye,mail.manafiealyemen.com.ye,manafiealyemen.com.ye
mail.manuscripts.gov.ye,mail.manuscripts.gov.ye,manuscripts.gov.ye
mail.mareb-jewelry.com.ye,mail.mareb-jewelry.com.ye,mareb-jewelry.com.ye
mail.marvelflts.com.ye,mail.marvelflts.com.ye,marvelflts.com.ye
mail.master-mce.net.ye,mail.master-mce.net.ye,master-mce.net.ye
mail.matrix.com.ye,mail.matrix.com.ye,matrix.com.ye
mail.mayohospital.net.ye,mail.mayohospital.net.ye,mayohospital.net.ye
mail.mdi.ye,mail.mdi.ye,mdi.ye
mail.media.almasirah.net.ye,mail.media.almasirah.net.ye,almasirah.net.ye
mail.medicate-me.com.ye,mail.medicate-me.com.ye,medicate-me.com.ye
mail.medicinepharma.com.ye,mail.medicinepharma.com.ye,medicinepharma.com.ye
mail.meftah.com.ye,mail.meftah.com.ye,meftah.com.ye
mail.meu.edu.ye,mail.meu.edu.ye,meu.edu.ye
mail.mfw.gov.ye,mail.mfw.gov.ye,mfw.gov.ye
mail.microtech.net.ye,mail.microtech.net.ye,microtech.net.ye
mail.mineaction.ye,mail.mineaction.ye,mineaction.ye
mail.mit.com.ye,mail.mit.com.ye,mit.com.ye
mail.mobileybrd.com.ye,mail.mobileybrd.com.ye,mobileybrd.com.ye
mail.mocsi.gov.ye,mail.mocsi.gov.ye,mocsi.gov.ye
mail.modernsoft.com.ye,mail.modernsoft.com.ye,modernsoft.com.ye
mail.moe.gov.ye,mail.moe.gov.ye,moe.gov.ye
mail.moee.gov.ye,mail.moee.gov.ye,moee.gov.ye
mail.mof.gov.ye,mail.mof.gov.ye,mof.gov.ye
mail.mofa.gov.ye,mail.mofa.gov.ye,mofa.gov.ye
mail.mogaly.com.ye,mail.mogaly.com.ye,mogaly.com.ye
mail.moh-albeydani.com.ye,mail.moh-albeydani.com.ye,moh-albeydani.com.ye
mail.moh.gov.ye,mail.moh.gov.ye,moh.gov.ye
mail.mohamoon-taiz.org.ye,mail.mohamoon-taiz.org.ye,mohamoon-taiz.org.ye
mail.mohd.org.ye,mail.mohd.org.ye,mohd.org.ye
mail.mohe.gov.ye,mail.mohe.gov.ye,mohe.gov.ye
mail.moia.gov.ye,mail.moia.gov.ye,moia.gov.ye
mail.moj.gov.ye,mail.moj.gov.ye,moj.gov.ye
mail.molay.gov.ye,mail.molay.gov.ye,molay.gov.ye
mail.molayemen.gov.ye,mail.molayemen.gov.ye,molayemen.gov.ye
mail.mom-medical.gov.ye,mail.mom-medical.gov.ye,mom-medical.gov.ye
mail.mom.gov.ye,mail.mom.gov.ye,mom.gov.ye
mail.mot.gov.ye,mail.mot.gov.ye,mot.gov.ye
mail.mozn.com.ye,mail.mozn.com.ye,mozn.com.ye
mail.mpc.com.ye,mail.mpc.com.ye,mpc.com.ye
mail.mpic-aden.gov.ye,mail.mpic-aden.gov.ye,mpic-aden.gov.ye
mail.mq.com.ye,mail.mq.com.ye,mq.com.ye
mail.mrpro.com.ye,mail.mrpro.com.ye,mrpro.com.ye
mail.mscollege.edu.ye,mail.mscollege.edu.ye,mscollege.edu.ye
mail.mtevt.gov.ye,mail.mtevt.gov.ye,mtevt.gov.ye
mail.mtex.ye,mail.mtex.ye,mtex.ye
mail.mtit.gov.ye,mail.mtit.gov.ye,mtit.gov.ye
mail.mtnapp.com.ye,mail.mtnapp.com.ye,mtnapp.com.ye
mail.mugahed.com.ye,mail.mugahed.com.ye,mugahed.com.ye
mail.mus.edu.ye,mail.mus.edu.ye,mus.edu.ye
mail.mwe.gov.ye,mail.mwe.gov.ye,mwe.gov.ye
mail.n-tfc-moh.gov.ye,mail.n-tfc-moh.gov.ye,n-tfc-moh.gov.ye
mail.nabdalseha.com.ye,mail.nabdalseha.com.ye,nabdalseha.com.ye
mail.nabdhalseha.com.ye,mail.nabdhalseha.com.ye,nabdhalseha.com.ye
mail.nahc.com.ye,mail.nahc.com.ye,nahc.com.ye
mail.najmalyemen.com.ye,mail.najmalyemen.com.ye,najmalyemen.com.ye
mail.nakaz.com.ye,mail.nakaz.com.ye,nakaz.com.ye
mail.naos.ye,mail.naos.ye,naos.ye
mail.navy.gov.ye,mail.navy.gov.ye,navy.gov.ye
mail.nby.com.ye,mail.nby.com.ye,nby.com.ye
mail.nbyislamic.net.ye,mail.nbyislamic.net.ye,nbyislamic.net.ye
mail.nbyyemen.com.ye,mail.nbyyemen.com.ye,nbyyemen.com.ye
mail.nccbds.gov.ye,mail.nccbds.gov.ye,nccbds.gov.ye
mail.nccd.edu.ye,mail.nccd.edu.ye,nccd.edu.ye
mail.ncgs.com.ye,mail.ncgs.com.ye,ncgs.com.ye
mail.ncsc.ye,mail.ncsc.ye,ncsc.ye
mail.newsite.yemen.net.ye,mail.newsite.yemen.net.ye,yemen.net.ye
mail.ngtech.com.ye,mail.ngtech.com.ye,ngtech.com.ye
mail.nic.gov.ye,mail.nic.gov.ye,nic.gov.ye
mail.nikon.com.ye,mail.nikon.com.ye,nikon.com.ye
mail.nimex.com.ye,mail.nimex.com.ye,nimex.com.ye
mail.nip.gov.ye,mail.nip.gov.ye,nip.gov.ye
mail.nissan-yemen.com.ye,mail.nissan-yemen.com.ye,nissan-yemen.com.ye
mail.nodtps.org.ye,mail.nodtps.org.ye,nodtps.org.ye
mail.nok.com.ye,mail.nok.com.ye,nok.com.ye
mail.noor4ed.org.ye,mail.noor4ed.org.ye,noor4ed.org.ye
mail.nooralyemen.com.ye,mail.nooralyemen.com.ye,nooralyemen.com.ye
mail.novapower.com.ye,mail.novapower.com.ye,novapower.com.ye
mail.ntelimited.com.ye,mail.ntelimited.com.ye,ntelimited.com.ye
mail.ntfo.org.ye,mail.ntfo.org.ye,ntfo.org.ye
mail.ntfy.gov.ye,mail.ntfy.gov.ye,ntfy.gov.ye
mail.nuy.edu.ye,mail.nuy.edu.ye,nuy.edu.ye
mail.nvdl.gov.ye,mail.nvdl.gov.ye,nvdl.gov.ye
mail.nwrayemen.gov.ye,mail.nwrayemen.gov.ye,nwrayemen.gov.ye
mail.nymc.com.ye,mail.nymc.com.ye,nymc.com.ye
mail.obsgroup.com.ye,mail.obsgroup.com.ye,obsgroup.com.ye
mail.olx.com.ye,mail.olx.com.ye,olx.com.ye
mail.omron.com.ye,mail.omron.com.ye,omron.com.ye
mail.onefamily.org.ye,mail.onefamily.org.ye,onefamily.org.ye
mail.oppo-aed.com.ye,mail.oppo-aed.com.ye,oppo-aed.com.ye
mail.oppo.ye,mail.oppo.ye,oppo.ye
mail.oppoaed.com.ye,mail.oppoaed.com.ye,oppoaed.com.ye
mail.opss.org.ye,mail.opss.org.ye,opss.org.ye
mail.ormis-mof.gov.ye,mail.ormis-mof.gov.ye,ormis-mof.gov.ye
mail.os2.com.ye,mail.os2.com.ye,os2.com.ye
mail.osus.com.ye,mail.osus.com.ye,osus.com.ye
mail.overseas.com.ye,mail.overseas.com.ye,overseas.com.ye
mail.pa-yemen.gov.ye,mail.pa-yemen.gov.ye,pa-yemen.gov.ye
mail.panasonic.com.ye,mail.panasonic.com.ye,panasonic.com.ye
mail.pare.gov.ye,mail.pare.gov.ye,pare.gov.ye
mail.pc-united.net.ye,mail.pc-united.net.ye,pc-united.net.ye
mail.pcas.org.ye,mail.pcas.org.ye,pcas.org.ye
mail.pdn.net.ye,mail.pdn.net.ye,pdn.net.ye
mail.peace-yemen.org.ye,mail.peace-yemen.org.ye,peace-yemen.org.ye
mail.pec-wh-ps.gov.ye,mail.pec-wh-ps.gov.ye,pec-wh-ps.gov.ye
mail.pec.gov.ye,mail.pec.gov.ye,pec.gov.ye
mail.petronahad.com.ye,mail.petronahad.com.ye,petronahad.com.ye
mail.petrosaba.com.ye,mail.petrosaba.com.ye,petrosaba.com.ye
mail.petrosupply-og.com.ye,mail.petrosupply-og.com.ye,petrosupply-og.com.ye
mail.pfmod.gov.ye,mail.pfmod.gov.ye,pfmod.gov.ye
mail.pfmod.ye,mail.pfmod.ye,pfmod.ye
mail.pgfpp.gov.ye,mail.pgfpp.gov.ye,pgfpp.gov.ye
mail.pgsf.org.ye,mail.pgsf.org.ye,pgsf.org.ye
mail.pharmatechnology.com.ye,mail.pharmatechnology.com.ye,pharmatechnology.com.ye
mail.phoenixtowers.com.ye,mail.phoenixtowers.com.ye,phoenixtowers.com.ye
mail.phpf.org.ye,mail.phpf.org.ye,phpf.org.ye
mail.platinum.com.ye,mail.platinum.com.ye,platinum.com.ye
mail.pmo.gov.ye,mail.pmo.gov.ye,pmo.gov.ye
mail.poacye.edu.ye,mail.poacye.edu.ye,poacye.edu.ye
mail.president.ye,mail.president.ye,president.ye
mail.princebaby.ye,mail.princebaby.ye,princebaby.ye
mail.proton.com.ye,mail.proton.com.ye,proton.com.ye
mail.provex.com.ye,mail.provex.com.ye,provex.com.ye
mail.prowork.com.ye,mail.prowork.com.ye,prowork.com.ye
mail.psc.ye,mail.psc.ye,psc.ye
mail.psm.pec.gov.ye,mail.psm.pec.gov.ye,pec.gov.ye
mail.ptc.gov.ye,mail.ptc.gov.ye,ptc.gov.ye
mail.qanaahexpress.com.ye,mail.qanaahexpress.com.ye,qanaahexpress.com.ye
mail.qapco.com.ye,mail.qapco.com.ye,qapco.com.ye
mail.qasu.edu.ye,mail.qasu.edu.ye,qasu.edu.ye
mail.qatofin.com.ye,mail.qatofin.com.ye,qatofin.com.ye
mail.qau.edu.ye,mail.qau.edu.ye,qau.edu.ye
mail.qau.ye,mail.qau.ye,qau.ye
mail.qurtoba.ye,mail.qurtoba.ye,qurtoba.ye
mail.ram.com.ye,mail.ram.com.ye,ram.com.ye
mail.ramada-almukalla.com.ye,mail.ramada-almukalla.com.ye,ramada-almukalla.com.ye
mail.ramaexports.com.ye,mail.ramaexports.com.ye,ramaexports.com.ye
mail.rashadbohair.com.ye,mail.rashadbohair.com.ye,rashadbohair.com.ye
mail.rawabialkhair.com.ye,mail.rawabialkhair.com.ye,rawabialkhair.com.ye
mail.rdc.gov.ye,mail.rdc.gov.ye,rdc.gov.ye
mail.rec.smeps.org.ye,mail.rec.smeps.org.ye,smeps.org.ye
mail.redline.com.ye,mail.redline.com.ye,redline.com.ye
mail.referencepharma.com.ye,mail.referencepharma.com.ye,referencepharma.com.ye
mail.reliefpharma.com.ye,mail.reliefpharma.com.ye,reliefpharma.com.ye
mail.remisc.org.ye,mail.remisc.org.ye,remisc.org.ye
mail.repository.alraziuni.edu.ye,mail.repository.alraziuni.edu.ye,alraziuni.edu.ye
mail.richland.com.ye,mail.richland.com.ye,richland.com.ye
mail.right.com.ye,mail.right.com.ye,right.com.ye
mail.righttec.com.ye,mail.righttec.com.ye,righttec.com.ye
mail.rimaz.com.ye,mail.rimaz.com.ye,rimaz.com.ye
mail.rp.ptc.gov.ye,mail.rp.ptc.gov.ye,ptc.gov.ye
mail.ruknalafaq.com.ye,mail.ruknalafaq.com.ye,ruknalafaq.com.ye
mail.sa-portal.ye,mail.sa-portal.ye,sa-portal.ye
mail.saada-uni.edu.ye,mail.saada-uni.edu.ye,saada-uni.edu.ye
mail.saba.ye,mail.saba.ye,saba.ye
mail.sabafon.com.ye,mail.sabafon.com.ye,sabafon.com.ye
mail.sabrahpharma.com.ye,mail.sabrahpharma.com.ye,sabrahpharma.com.ye
mail.sacha.com.ye,mail.sacha.com.ye,sacha.com.ye
mail.sadah.gov.ye,mail.sadah.gov.ye,sadah.gov.ye
mail.sadiu.edu.ye,mail.sadiu.edu.ye,sadiu.edu.ye
mail.safetrack.com.ye,mail.safetrack.com.ye,safetrack.com.ye
mail.saffari.com.ye,mail.saffari.com.ye,saffari.com.ye
mail.sah.com.ye,mail.sah.com.ye,sah.com.ye
mail.sahem.com.ye,mail.sahem.com.ye,sahem.com.ye
mail.sai.com.ye,mail.sai.com.ye,sai.com.ye
mail.saicmyemen.gov.ye,mail.saicmyemen.gov.ye,saicmyemen.gov.ye
mail.sailan.com.ye,mail.sailan.com.ye,sailan.com.ye
mail.salam-world.com.ye,mail.salam-world.com.ye,salam-world.com.ye
mail.salamworld.com.ye,mail.salamworld.com.ye,salamworld.com.ye
mail.sama.com.ye,mail.sama.com.ye,sama.com.ye
mail.samtex.com.ye,mail.samtex.com.ye,samtex.com.ye
mail.samxfirst.com.ye,mail.samxfirst.com.ye,samxfirst.com.ye
mail.samyemen.com.ye,mail.samyemen.com.ye,samyemen.com.ye
mail.sanaacompany.com.ye,mail.sanaacompany.com.ye,sanaacompany.com.ye
mail.sanaagassp.gov.ye,mail.sanaagassp.gov.ye,sanaagassp.gov.ye
mail.sanaaradio.net.ye,mail.sanaaradio.net.ye,sanaaradio.net.ye
mail.sary.com.ye,mail.sary.com.ye,sary.com.ye
mail.saudisigns.com.ye,mail.saudisigns.com.ye,saudisigns.com.ye
mail.sawa.com.ye,mail.sawa.com.ye,sawa.com.ye
mail.sawabi.com.ye,mail.sawabi.com.ye,sawabi.com.ye
mail.sawafirst.com.ye,mail.sawafirst.com.ye,sawafirst.com.ye
mail.sayich.com.ye,mail.sayich.com.ye,sayich.com.ye
mail.sbco.com.ye,mail.sbco.com.ye,sbco.com.ye
mail.sbiyemen.com.ye,mail.sbiyemen.com.ye,sbiyemen.com.ye
mail.scafa.com.ye,mail.scafa.com.ye,scafa.com.ye
mail.scc.edu.ye,mail.scc.edu.ye,scc.edu.ye
mail.scer.gov.ye,mail.scer.gov.ye,scer.gov.ye
mail.sdf-yemen.gov.ye,mail.sdf-yemen.gov.ye,sdf-yemen.gov.ye
mail.sec.gov.ye,mail.sec.gov.ye,sec.gov.ye
mail.seep.edu.ye,mail.seep.edu.ye,seep.edu.ye
mail.seiyunu.edu.ye,mail.seiyunu.edu.ye,seiyunu.edu.ye
mail.selam-world.com.ye,mail.selam-world.com.ye,selam-world.com.ye
mail.selamworld.com.ye,mail.selamworld.com.ye,selamworld.com.ye
mail.sensetrading.com.ye,mail.sensetrading.com.ye,sensetrading.com.ye
mail.sfhrp.org.ye,mail.sfhrp.org.ye,sfhrp.org.ye
mail.sfp.gov.ye,mail.sfp.gov.ye,sfp.gov.ye
mail.shababunity.com.ye,mail.shababunity.com.ye,shababunity.com.ye
mail.shabwah.gov.ye,mail.shabwah.gov.ye,shabwah.gov.ye
mail.shamilbank.com.ye,mail.shamilbank.com.ye,shamilbank.com.ye
mail.shawarmanji.com.ye,mail.shawarmanji.com.ye,shawarmanji.com.ye
mail.shawategroup.com.ye,mail.shawategroup.com.ye,shawategroup.com.ye
mail.shebatv.net.ye,mail.shebatv.net.ye,shebatv.net.ye
mail.shein.com.ye,mail.shein.com.ye,shein.com.ye
mail.shohadaa.gov.ye,mail.shohadaa.gov.ye,shohadaa.gov.ye
mail.shoora.gov.ye,mail.shoora.gov.ye,shoora.gov.ye
mail.showlaq.com.ye,mail.showlaq.com.ye,showlaq.com.ye
mail.sjcyemen.gov.ye,mail.sjcyemen.gov.ye,sjcyemen.gov.ye
mail.slo.gov.ye,mail.slo.gov.ye,slo.gov.ye
mail.smartgate.edu.ye,mail.smartgate.edu.ye,smartgate.edu.ye
mail.smartlift.com.ye,mail.smartlift.com.ye,smartlift.com.ye
mail.smartlook.ye,mail.smartlook.ye,smartlook.ye
mail.smartworld.ye,mail.smartworld.ye,smartworld.ye
mail.smc.com.ye,mail.smc.com.ye,smc.com.ye
mail.smc.gov.ye,mail.smc.gov.ye,smc.gov.ye
mail.smeps.org.ye,mail.smeps.org.ye,smeps.org.ye
mail.smileazaldent.com.ye,mail.smileazaldent.com.ye,smileazaldent.com.ye
mail.snacc.gov.ye,mail.snacc.gov.ye,snacc.gov.ye
mail.socomec.com.ye,mail.socomec.com.ye,socomec.com.ye
mail.sowaa.com.ye,mail.sowaa.com.ye,sowaa.com.ye
mail.speed.ye,mail.speed.ye,speed.ye
mail.spinneys.com.ye,mail.spinneys.com.ye,spinneys.com.ye
mail.srf.gov.ye,mail.srf.gov.ye,srf.gov.ye
mail.srs-mohe.gov.ye,mail.srs-mohe.gov.ye,srs-mohe.gov.ye
mail.srsps-mohe.gov.ye,mail.srsps-mohe.gov.ye,srsps-mohe.gov.ye
mail.ssd.org.ye,mail.ssd.org.ye,ssd.org.ye
mail.starsteptrading.com.ye,mail.starsteptrading.com.ye,starsteptrading.com.ye
mail.stcotec.com.ye,mail.stcotec.com.ye,stcotec.com.ye
mail.su.edu.ye,mail.su.edu.ye,su.edu.ye
mail.suerp.gov.ye,mail.suerp.gov.ye,suerp.gov.ye
mail.superconsulting.com.ye,mail.superconsulting.com.ye,superconsulting.com.ye
mail.swslc-yemen.com.ye,mail.swslc-yemen.com.ye,swslc-yemen.com.ye
mail.szi.com.ye,mail.szi.com.ye,szi.com.ye
mail.taha-cpa.com.ye,mail.taha-cpa.com.ye,taha-cpa.com.ye
mail.tahweelex.com.ye,mail.tahweelex.com.ye,tahweelex.com.ye
mail.tamkeen.com.ye,mail.tamkeen.com.ye,tamkeen.com.ye
mail.tarwfreligcivi.org.ye,mail.tarwfreligcivi.org.ye,tarwfreligcivi.org.ye
mail.tashreen.com.ye,mail.tashreen.com.ye,tashreen.com.ye
mail.tax.gov.ye,mail.tax.gov.ye,tax.gov.ye
mail.taxltu.gov.ye,mail.taxltu.gov.ye,taxltu.gov.ye
mail.tbhs.com.ye,mail.tbhs.com.ye,tbhs.com.ye
mail.tci-dhamar.com.ye,mail.tci-dhamar.com.ye,tci-dhamar.com.ye
mail.tda-yemen.org.ye,mail.tda-yemen.org.ye,tda-yemen.org.ye
mail.tebyan.ye,mail.tebyan.ye,tebyan.ye
mail.technohouse.com.ye,mail.technohouse.com.ye,technohouse.com.ye
mail.techsci-experts.com.ye,mail.techsci-experts.com.ye,techsci-experts.com.ye
mail.tehama.com.ye,mail.tehama.com.ye,tehama.com.ye
mail.tehamahcement.com.ye,mail.tehamahcement.com.ye,tehamahcement.com.ye
mail.teleyemen.com.ye,mail.teleyemen.com.ye,teleyemen.com.ye
mail.tesf.edu.ye,mail.tesf.edu.ye,tesf.edu.ye
mail.testcp.net.ye,mail.testcp.net.ye,testcp.net.ye
mail.testplsk.net.ye,mail.testplsk.net.ye,testplsk.net.ye
mail.thabetson.com.ye,mail.thabetson.com.ye,thabetson.com.ye
mail.thci.edu.ye,mail.thci.edu.ye,thci.edu.ye
mail.thcmc.com.ye,mail.thcmc.com.ye,thcmc.com.ye
mail.thecheesecakefactory.com.ye,mail.thecheesecakefactory.com.ye,thecheesecakefactory.com.ye
mail.thobhan.org.ye,mail.thobhan.org.ye,thobhan.org.ye
mail.titmag.net.ye,mail.titmag.net.ye,titmag.net.ye
mail.tlc.edu.ye,mail.tlc.edu.ye,tlc.edu.ye
mail.tlr.com.ye,mail.tlr.com.ye,tlr.com.ye
mail.tmc.ye,mail.tmc.ye,tmc.ye
mail.tmgh.gov.ye,mail.tmgh.gov.ye,tmgh.gov.ye
mail.togetherpharma.com.ye,mail.togetherpharma.com.ye,togetherpharma.com.ye
mail.topeasy.com.ye,mail.topeasy.com.ye,topeasy.com.ye
mail.topfish.com.ye,mail.topfish.com.ye,topfish.com.ye
mail.topresidency.gov.ye,mail.topresidency.gov.ye,topresidency.gov.ye
mail.tourism.gov.ye,mail.tourism.gov.ye,tourism.gov.ye
mail.tourisminyemen.gov.ye,mail.tourisminyemen.gov.ye,tourisminyemen.gov.ye
mail.tourismyemen.gov.ye,mail.tourismyemen.gov.ye,tourismyemen.gov.ye
mail.tr-sanaa.gov.ye,mail.tr-sanaa.gov.ye,tr-sanaa.gov.ye
mail.trustworld.com.ye,mail.trustworld.com.ye,trustworld.com.ye
mail.trye.gov.ye,mail.trye.gov.ye,trye.gov.ye
mail.tsc.com.ye,mail.tsc.com.ye,tsc.com.ye
mail.ttmed.com.ye,mail.ttmed.com.ye,ttmed.com.ye
mail.tu.edu.ye,mail.tu.edu.ye,tu.edu.ye
mail.tvaden.net.ye,mail.tvaden.net.ye,tvaden.net.ye
mail.twitter.com.ye,mail.twitter.com.ye,twitter.com.ye
mail.twslc.gov.ye,mail.twslc.gov.ye,twslc.gov.ye
mail.twttc-am.com.ye,mail.twttc-am.com.ye,twttc-am.com.ye
mail.tyco-electronics.com.ye,mail.tyco-electronics.com.ye,tyco-electronics.com.ye
mail.tycoelectronics.com.ye,mail.tycoelectronics.com.ye,tycoelectronics.com.ye
mail.ucash.com.ye,mail.ucash.com.ye,ucash.com.ye
mail.ufa.alraziuni.edu.ye,mail.ufa.alraziuni.edu.ye,alraziuni.edu.ye
mail.ufafpi.ye,mail.ufafpi.ye,ufafpi.ye
mail.uin.edu.ye,mail.uin.edu.ye,uin.edu.ye
mail.ums.edu.ye,mail.ums.edu.ye,ums.edu.ye
mail.unicell.com.ye,mail.unicell.com.ye,unicell.com.ye
mail.uniship.com.ye,mail.uniship.com.ye,uniship.com.ye
mail.unitel-group.com.ye,mail.unitel-group.com.ye,unitel-group.com.ye
mail.uniten.com.ye,mail.uniten.com.ye,uniten.com.ye
mail.updat-cor.com.ye,mail.updat-cor.com.ye,updat-cor.com.ye
mail.updc.ye,mail.updc.ye,updc.ye
mail.uptech.com.ye,mail.uptech.com.ye,uptech.com.ye
mail.uqms.edu.ye,mail.uqms.edu.ye,uqms.edu.ye
mail.ust.edu.ye,mail.ust.edu.ye,ust.edu.ye
mail.usthyemen.com.ye,mail.usthyemen.com.ye,usthyemen.com.ye
mail.vastechnology.com.ye,mail.vastechnology.com.ye,vastechnology.com.ye
mail.vieo.gov.ye,mail.vieo.gov.ye,vieo.gov.ye
mail.vindexyemen.com.ye,mail.vindexyemen.com.ye,vindexyemen.com.ye
mail.volkswagen.com.ye,mail.volkswagen.com.ye,volkswagen.com.ye
mail.wahdah-dca.com.ye,mail.wahdah-dca.com.ye,wahdah-dca.com.ye
mail.wateraljawf.gov.ye,mail.wateraljawf.gov.ye,wateraljawf.gov.ye
mail.wempower.org.ye,mail.wempower.org.ye,wempower.org.ye
mail.whf.org.ye,mail.whf.org.ye,whf.org.ye
mail.whitecloud.net.ye,mail.whitecloud.net.ye,whitecloud.net.ye
mail.worldtrust.com.ye,mail.worldtrust.com.ye,worldtrust.com.ye
mail.wseasshipping.com.ye,mail.wseasshipping.com.ye,wseasshipping.com.ye
mail.y-fpd.org.ye,mail.y-fpd.org.ye,y-fpd.org.ye
mail.y-media.ye,mail.y-media.ye,y-media.ye
mail.y.net.ye,mail.y.net.ye,y.net.ye
mail.ycomd.com.ye,mail.ycomd.com.ye,ycomd.com.ye
mail.ycpa.ye,mail.ycpa.ye,ycpa.ye
mail.ye.net.ye,mail.ye.net.ye,ye.net.ye
mail.yeahmoney.net.ye,mail.yeahmoney.net.ye,yeahmoney.net.ye
mail.yeco.com.ye,mail.yeco.com.ye,yeco.com.ye
mail.yeconstmarine.com.ye,mail.yeconstmarine.com.ye,yeconstmarine.com.ye
mail.yectv.edu.ye,mail.yectv.edu.ye,yectv.edu.ye
mail.yellow.com.ye,mail.yellow.com.ye,yellow.com.ye
mail.yemen-environment.gov.ye,mail.yemen-environment.gov.ye,yemen-environment.gov.ye
mail.yemen-net.com.ye,mail.yemen-net.com.ye,yemen-net.com.ye
mail.yemen-tv.net.ye,mail.yemen-tv.net.ye,yemen-tv.net.ye
mail.yemen.gov.ye,mail.yemen.gov.ye,yemen.gov.ye
mail.yemen.net.ye,mail.yemen.net.ye,yemen.net.ye
mail.yemenacademy.edu.ye,mail.yemenacademy.edu.ye,yemenacademy.edu.ye
mail.yemenalmufaddal.com.ye,mail.yemenalmufaddal.com.ye,yemenalmufaddal.com.ye
mail.yemencare.org.ye,mail.yemencare.org.ye,yemencare.org.ye
mail.yemencon.com.ye,mail.yemencon.com.ye,yemencon.com.ye
mail.yemeneng.org.ye,mail.yemeneng.org.ye,yemeneng.org.ye
mail.yemenexams.ye,mail.yemenexams.ye,yemenexams.ye
mail.yemenmarine.com.ye,mail.yemenmarine.com.ye,yemenmarine.com.ye
mail.yemenmobile.com.ye,mail.yemenmobile.com.ye,yemenmobile.com.ye
mail.yemenmoroco.com.ye,mail.yemenmoroco.com.ye,yemenmoroco.com.ye
mail.yemennet.com.ye,mail.yemennet.com.ye,yemennet.com.ye
mail.yemenparliament.gov.ye,mail.yemenparliament.gov.ye,yemenparliament.gov.ye
mail.yemenpolice-ac.gov.ye,mail.yemenpolice-ac.gov.ye,yemenpolice-ac.gov.ye
mail.yemenrtv.net.ye,mail.yemenrtv.net.ye,yemenrtv.net.ye
mail.yemenstores.com.ye,mail.yemenstores.com.ye,yemenstores.com.ye
mail.yementourism.gov.ye,mail.yementourism.gov.ye,yementourism.gov.ye
mail.yemenvision.gov.ye,mail.yemenvision.gov.ye,yemenvision.gov.ye
mail.yfd.org.ye,mail.yfd.org.ye,yfd.org.ye
mail.yfl.com.ye,mail.yfl.com.ye,yfl.com.ye
mail.yfsco.net.ye,mail.yfsco.net.ye,yfsco.net.ye
mail.ygc.gov.ye,mail.ygc.gov.ye,ygc.gov.ye
mail.ygsmrb.org.ye,mail.ygsmrb.org.ye,ygsmrb.org.ye
mail.yiig.gov.ye,mail.yiig.gov.ye,yiig.gov.ye
mail.yinor.com.ye,mail.yinor.com.ye,yinor.com.ye
mail.yipo.gov.ye,mail.yipo.gov.ye,yipo.gov.ye
mail.ykrdc.com.ye,mail.ykrdc.com.ye,ykrdc.com.ye
mail.ym-idc.gov.ye,mail.ym-idc.gov.ye,ym-idc.gov.ye
mail.ymc.com.ye,mail.ymc.com.ye,ymc.com.ye
mail.ymobile.com.ye,mail.ymobile.com.ye,ymobile.com.ye
mail.yms.gov.ye,mail.yms.gov.ye,yms.gov.ye
mail.yncecs.gov.ye,mail.yncecs.gov.ye,yncecs.gov.ye
mail.yogc.com.ye,mail.yogc.com.ye,yogc.com.ye
mail.yos.org.ye,mail.yos.org.ye,yos.org.ye
mail.ypg.com.ye,mail.ypg.com.ye,ypg.com.ye
mail.ypo.gov.ye,mail.ypo.gov.ye,ypo.gov.ye
mail.yqnfoundation.com.ye,mail.yqnfoundation.com.ye,yqnfoundation.com.ye
mail.yrsgisc.gov.ye,mail.yrsgisc.gov.ye,yrsgisc.gov.ye
mail.yrspc.gov.ye,mail.yrspc.gov.ye,yrspc.gov.ye
mail.ysc.org.ye,mail.ysc.org.ye,ysc.org.ye
mail.ysco.com.ye,mail.ysco.com.ye,ysco.com.ye
mail.ysfhcd.org.ye,mail.ysfhcd.org.ye,ysfhcd.org.ye
mail.ysrdc.gov.ye,mail.ysrdc.gov.ye,ysrdc.gov.ye
mail.ystream.ye,mail.ystream.ye,ystream.ye
mail.ytcc.com.ye,mail.ytcc.com.ye,ytcc.com.ye
mail.yuniv.edu.ye,mail.yuniv.edu.ye,yuniv.edu.ye
mail.zgos.com.ye,mail.zgos.com.ye,zgos.com.ye
mail.zjos.com.ye,mail.zjos.com.ye,zjos.com.ye
mail.zlinkyemen.com.ye,mail.zlinkyemen.com.ye,zlinkyemen.com.ye
mail.zubayen.ye,mail.zubayen.ye,zubayen.ye
mail.zuhoorpharma.com.ye,mail.zuhoorpharma.com.ye,zuhoorpharma.com.ye
mail1.cacbank.com.ye,mail1.cacbank.com.ye,cacbank.com.ye
mail2.cacbank.com.ye,mail2.cacbank.com.ye,cacbank.com.ye
mail303.sabafon.com.ye,mail303.sabafon.com.ye,sabafon.com.ye
mailserver.smeps.org.ye,mailserver.smeps.org.ye,smeps.org.ye
main.bonyan.org.ye,main.bonyan.org.ye,bonyan.org.ye
majd.com.ye,majd.com.ye,majd.com.ye
majeedigroup.com.ye,majeedigroup.com.ye,majeedigroup.com.ye
makehope.org.ye,makehope.org.ye,makehope.org.ye
mali.com.ye,mali.com.ye,mali.com.ye
mam.com.ye,mam.com.ye,mam.com.ye
mamoon-mobiley.com.ye,mamoon-mobiley.com.ye,mamoon-mobiley.com.ye
manafiealyemen.com.ye,manafiealyemen.com.ye,manafiealyemen.com.ye
manafsoft.com.ye,manafsoft.com.ye,manafsoft.com.ye
manis.y.net.ye,manis.y.net.ye,y.net.ye
manuscript-yemen.org.ye,manuscript-yemen.org.ye,manuscript-yemen.org.ye
manuscripts.gov.ye,manuscripts.gov.ye,manuscripts.gov.ye
maoschoolyemen.com.ye,maoschoolyemen.com.ye,maoschoolyemen.com.ye
map.ye,map.ye,map.ye
maps.ye,maps.ye,maps.ye
marah.mtn.com.ye,marah.mtn.com.ye,mtn.com.ye
marassi.com.ye,marassi.com.ye,marassi.com.ye
marconisoft.com.ye,marconisoft.com.ye,marconisoft.com.ye
mareb-jewelry.com.ye,mareb-jewelry.com.ye,mareb-jewelry.com.ye
marebinsurance.com.ye,marebinsurance.com.ye,marebinsurance.com.ye
marvelflts.com.ye,marvelflts.com.ye,marvelflts.com.ye
mas.iqraa.edu.ye,mas.iqraa.edu.ye,iqraa.edu.ye
masj.21umas.edu.ye,masj.21umas.edu.ye,21umas.edu.ye
master-mce.net.ye,master-mce.net.ye,master-mce.net.ye
mat.ptc.gov.ye,mat.ptc.gov.ye,ptc.gov.ye
matrix.com.ye,matrix.com.ye,matrix.com.ye
mawanisoft.com.ye,mawanisoft.com.ye,mawanisoft.com.ye
mayohospital.net.ye,mayohospital.net.ye,mayohospital.net.ye
mazad.y.net.ye,mazad.y.net.ye,y.net.ye
mctqi.gov.ye,mctqi.gov.ye,mctqi.gov.ye
mdarahim.com.ye,mdarahim.com.ye,mdarahim.com.ye
mdi.ye,mdi.ye,mdi.ye
me.eomnv.gov.ye,me.eomnv.gov.ye,eomnv.gov.ye
me.ye,me.ye,me.ye
mechasoft.com.ye,mechasoft.com.ye,mechasoft.com.ye
med-su.edu.ye,med-su.edu.ye,med-su.edu.ye
med.alraziuni.edu.ye,med.alraziuni.edu.ye,alraziuni.edu.ye
med.hoduniv.net.ye,med.hoduniv.net.ye,hoduniv.net.ye
med.su.edu.ye,med.su.edu.ye,su.edu.ye
media.almasirah.net.ye,media.almasirah.net.ye,almasirah.net.ye
medicate-me.com.ye,medicate-me.com.ye,medicate-me.com.ye
medicinepharma.com.ye,medicinepharma.com.ye,medicinepharma.com.ye
medics-connect.com.ye,medics-connect.com.ye,medics-connect.com.ye
meet.ptc.gov.ye,meet.ptc.gov.ye,ptc.gov.ye
meet.yemen.net.ye,meet.yemen.net.ye,yemen.net.ye
meetingyemen.ye,meetingyemen.ye,meetingyemen.ye
meftah.com.ye,meftah.com.ye,meftah.com.ye
meoh.gov.ye,meoh.gov.ye,meoh.gov.ye
mercedes-benz.com.ye,mercedes-benz.com.ye,mercedes-benz.com.ye
mercedes.com.ye,mercedes.com.ye,mercedes.com.ye
mercedesbenz.com.ye,mercedesbenz.com.ye,mercedesbenz.com.ye
mercuresanaa.com.ye,mercuresanaa.com.ye,mercuresanaa.com.ye
mescoaden.com.ye,mescoaden.com.ye,mescoaden.com.ye
metco.com.ye,metco.com.ye,metco.com.ye
meu.edu.ye,meu.edu.ye,meu.edu.ye
meunit.ye,meunit.ye,meunit.ye
meyon.com.ye,meyon.com.ye,meyon.com.ye
mfloos.krmbank.net.ye,mfloos.krmbank.net.ye,krmbank.net.ye
mfloosnew.krmbank.net.ye,mfloosnew.krmbank.net.ye,krmbank.net.ye
mfw.gov.ye,mfw.gov.ye,mfw.gov.ye
mhru.edu.ye,mhru.edu.ye,mhru.edu.ye
microtech.net.ye,microtech.net.ye,microtech.net.ye
mii.edu.ye,mii.edu.ye,mii.edu.ye
mil.ye,mil.ye,mil.ye
millennum.com.ye,millennum.com.ye,millennum.com.ye
millionaire.mtn.com.ye,millionaire.mtn.com.ye,mtn.com.ye
mineaction.ye,mineaction.ye,mineaction.ye
mis.smeps.org.ye,mis.smeps.org.ye,smeps.org.ye
mishaal.y.net.ye,mishaal.y.net.ye,y.net.ye
mishaal1.y.net.ye,mishaal1.y.net.ye,y.net.ye
mit.com.ye,mit.com.ye,mit.com.ye
miticti.alraziuni.edu.ye,miticti.alraziuni.edu.ye,alraziuni.edu.ye
mitopro.gia.gov.ye,mitopro.gia.gov.ye,gia.gov.ye
mlcyemen.com.ye,mlcyemen.com.ye,mlcyemen.com.ye
mmdrive.ye,mmdrive.ye,mmdrive.ye
mmy.gov.ye,mmy.gov.ye,mmy.gov.ye
mmy.ye,mmy.ye,mmy.ye
moai.gov.ye,moai.gov.ye,moai.gov.ye
moayed.y.net.ye,moayed.y.net.ye,y.net.ye
mobile-banking.ycb.com.ye,mobile-banking.ycb.com.ye,ycb.com.ye
mobilemoney.com.ye,mobilemoney.com.ye,mobilemoney.com.ye
mobileybrd.com.ye,mobileybrd.com.ye,mobileybrd.com.ye
moc.gov.ye,moc.gov.ye,moc.gov.ye
mocsi.gov.ye,mocsi.gov.ye,mocsi.gov.ye
modernity.com.ye,modernity.com.ye,modernity.com.ye
modernsoft.com.ye,modernsoft.com.ye,modernsoft.com.ye
moe.gov.ye,moe.gov.ye,moe.gov.ye
moee.gov.ye,moee.gov.ye,moee.gov.ye
mof.gov.ye,mof.gov.ye,mof.gov.ye
mofa.gov.ye,mofa.gov.ye,mofa.gov.ye
mogaly.com.ye,mogaly.com.ye,mogaly.com.ye
moh-albeydani.com.ye,moh-albeydani.com.ye,moh-albeydani.com.ye
moh.gov.ye,moh.gov.ye,moh.gov.ye
mohamoon-taiz.org.ye,mohamoon-taiz.org.ye,mohamoon-taiz.org.ye
mohd.org.ye,mohd.org.ye,mohd.org.ye
mohe.gov.ye,mohe.gov.ye,mohe.gov.ye
moheetexpress.com.ye,moheetexpress.com.ye,moheetexpress.com.ye
mohesr.gov.ye,mohesr.gov.ye,mohesr.gov.ye
moia.gov.ye,moia.gov.ye,moia.gov.ye
moit.gov.ye,moit.gov.ye,moit.gov.ye
moit.moit.y.net.ye,moit.moit.y.net.ye,y.net.ye
moit.y.net.ye,moit.y.net.ye,y.net.ye
moit.ye,moit.ye,moit.ye
moit.yipo.gov.ye,moit.yipo.gov.ye,yipo.gov.ye
moj.gov.ye,moj.gov.ye,moj.gov.ye
mokarm.y.net.ye,mokarm.y.net.ye,y.net.ye
molay.gov.ye,molay.gov.ye,molay.gov.ye
molayemen.gov.ye,molayemen.gov.ye,molayemen.gov.ye
molyemen.com.ye,molyemen.com.ye,molyemen.com.ye
mom-medical.gov.ye,mom-medical.gov.ye,mom-medical.gov.ye
mom.gov.ye,mom.gov.ye,mom.gov.ye
moodle.iqraa.edu.ye,moodle.iqraa.edu.ye,iqraa.edu.ye
moore-yemen.com.ye,moore-yemen.com.ye,moore-yemen.com.ye
mosal.gov.ye,mosal.gov.ye,mosal.gov.ye
mot.gov.ye,mot.gov.ye,mot.gov.ye
mozn.com.ye,mozn.com.ye,mozn.com.ye
mpay.com.ye,mpay.com.ye,mpay.com.ye
mpay.ye,mpay.ye,mpay.ye
mpc.com.ye,mpc.com.ye,mpc.com.ye
mpic-aden.gov.ye,mpic-aden.gov.ye,mpic-aden.gov.ye
mpwhsanaa.gov.ye,mpwhsanaa.gov.ye,mpwhsanaa.gov.ye
mpwud.gov.ye,mpwud.gov.ye,mpwud.gov.ye
mq.com.ye,mq.com.ye,mq.com.ye
mrpro.com.ye,mrpro.com.ye,mrpro.com.ye
mscollege.edu.ye,mscollege.edu.ye,mscollege.edu.ye
msdc.gov.ye,msdc.gov.ye,msdc.gov.ye
mssql.algossteel.com.ye,mssql.algossteel.com.ye,algossteel.com.ye
mssql.bdic.gov.ye,mssql.bdic.gov.ye,bdic.gov.ye
mssql.clearparis.ye,mssql.clearparis.ye,clearparis.ye
mssql.eskaan.com.ye,mssql.eskaan.com.ye,eskaan.com.ye
mssql.garwsp.gov.ye,mssql.garwsp.gov.ye,garwsp.gov.ye
mssql.gateway.com.ye,mssql.gateway.com.ye,gateway.com.ye
mssql.goldengateyemen.com.ye,mssql.goldengateyemen.com.ye,goldengateyemen.com.ye
mssql.hmf.com.ye,mssql.hmf.com.ye,hmf.com.ye
mssql.mfw.gov.ye,mssql.mfw.gov.ye,mfw.gov.ye
mssql.pec.gov.ye,mssql.pec.gov.ye,pec.gov.ye
mssql.thabetson.com.ye,mssql.thabetson.com.ye,thabetson.com.ye
mssql.ymobile.com.ye,mssql.ymobile.com.ye,ymobile.com.ye
mssql.yms.gov.ye,mssql.yms.gov.ye,yms.gov.ye
msu.edu.ye,msu.edu.ye,msu.edu.ye
msw.gov.ye,msw.gov.ye,msw.gov.ye
mtevt.gov.ye,mtevt.gov.ye,mtevt.gov.ye
mtex.ye,mtex.ye,mtex.ye
mtict.alraziuni.edu.ye,mtict.alraziuni.edu.ye,alraziuni.edu.ye
mticti.alraziuni.edu.ye,mticti.alraziuni.edu.ye,alraziuni.edu.ye
mtit.gov.ye,mtit.gov.ye,mtit.gov.ye
mtn.com.ye,mtn.com.ye,mtn.com.ye
mtnapp.com.ye,mtnapp.com.ye,mtnapp.com.ye
mtnmobilemoney.com.ye,mtnmobilemoney.com.ye,mtnmobilemoney.com.ye
mtnplay.com.ye,mtnplay.com.ye,mtnplay.com.ye
mtnsdp.com.ye,mtnsdp.com.ye,mtnsdp.com.ye
muasalat.com.ye,muasalat.com.ye,muasalat.com.ye
mugahed.com.ye,mugahed.com.ye,mugahed.com.ye
mus.edu.ye,mus.edu.ye,mus.edu.ye
mwe.gov.ye,mwe.gov.ye,mwe.gov.ye
mx-hub.yemenmobile.com.ye,mx-hub.yemenmobile.com.ye,yemenmobile.com.ye
my.portal.yemenmobile.com.ye,my.portal.yemenmobile.com.ye,yemenmobile.com.ye
my.sharepointtest.yemenmobile.com.ye,my.sharepointtest.yemenmobile.com.ye,yemenmobile.com.ye
mymail.hu.edu.ye,mymail.hu.edu.ye,hu.edu.ye
mymtn.mtn.com.ye,mymtn.mtn.com.ye,mtn.com.ye
n-tfc-moh.gov.ye,n-tfc-moh.gov.ye,n-tfc-moh.gov.ye
naba.y.net.ye,naba.y.net.ye,y.net.ye
nabdalseha.com.ye,nabdalseha.com.ye,nabdalseha.com.ye
nabdhalseha.com.ye,nabdhalseha.com.ye,nabdhalseha.com.ye
nabeelyasin.com.ye,nabeelyasin.com.ye,nabeelyasin.com.ye
nahawand.y.net.ye,nahawand.y.net.ye,y.net.ye
nahc.com.ye,nahc.com.ye,nahc.com.ye
najmalyemen.com.ye,najmalyemen.com.ye,najmalyemen.com.ye
nakaz.com.ye,nakaz.com.ye,nakaz.com.ye
naos.ye,naos.ye,naos.ye
natco-razi.com.ye,natco-razi.com.ye,natco-razi.com.ye
natco.com.ye,natco.com.ye,natco.com.ye
natec.gov.ye,natec.gov.ye,natec.gov.ye
nationaluni.edu.ye,nationaluni.edu.ye,nationaluni.edu.ye
natship.com.ye,natship.com.ye,natship.com.ye
navy.gov.ye,navy.gov.ye,navy.gov.ye
nby.com.ye,nby.com.ye,nby.com.ye
nbyislamic.net.ye,nbyislamic.net.ye,nbyislamic.net.ye
nbyyemen.com.ye,nbyyemen.com.ye,nbyyemen.com.ye
nccbds.gov.ye,nccbds.gov.ye,nccbds.gov.ye
nccd.edu.ye,nccd.edu.ye,nccd.edu.ye
ncgs.com.ye,ncgs.com.ye,ncgs.com.ye
ncsc.gov.ye,ncsc.gov.ye,ncsc.gov.ye
ncsc.ye,ncsc.ye,ncsc.ye
ndc.ye,ndc.ye,ndc.ye
net.ye,net.ye,net.ye
newage.com.ye,newage.com.ye,newage.com.ye
newarchtest.net.ye,newarchtest.net.ye,newarchtest.net.ye
newcity-yemen.com.ye,newcity-yemen.com.ye,newcity-yemen.com.ye
news.qasu.edu.ye,news.qasu.edu.ye,qasu.edu.ye
newsite.yemen.net.ye,newsite.yemen.net.ye,yemen.net.ye
newspaper.moj.gov.ye,newspaper.moj.gov.ye,moj.gov.ye
nextcloud.yemen.net.ye,nextcloud.yemen.net.ye,yemen.net.ye
ngtech.com.ye,ngtech.com.ye,ngtech.com.ye
nic.gov.ye,nic.gov.ye,nic.gov.ye
nic.ye,nic.ye,nic.ye
nikon.com.ye,nikon.com.ye,nikon.com.ye
nimex.com.ye,nimex.com.ye,nimex.com.ye
nip.gov.ye,nip.gov.ye,nip.gov.ye
nissan-yemen.com.ye,nissan-yemen.com.ye,nissan-yemen.com.ye
niu.edu.ye,niu.edu.ye,niu.edu.ye
nodtps.org.ye,nodtps.org.ye,nodtps.org.ye
nok.com.ye,nok.com.ye,nok.com.ye
noor4ed.org.ye,noor4ed.org.ye,noor4ed.org.ye
nooralyemen.com.ye,nooralyemen.com.ye,nooralyemen.com.ye
northbon.bonyan.org.ye,northbon.bonyan.org.ye,bonyan.org.ye
novapower.com.ye,novapower.com.ye,novapower.com.ye
ns1.ye,ns1.ye,ns1.ye
ns2.ye,ns2.ye,ns2.ye
nsoc.org.ye,nsoc.org.ye,nsoc.org.ye
nsw.gov.ye,nsw.gov.ye,nsw.gov.ye
ntelimited.com.ye,ntelimited.com.ye,ntelimited.com.ye
ntfo.org.ye,ntfo.org.ye,ntfo.org.ye
ntfoyemen.gov.ye,ntfoyemen.gov.ye,ntfoyemen.gov.ye
ntfy.gov.ye,ntfy.gov.ye,ntfy.gov.ye
nu.edu.ye,nu.edu.ye,nu.edu.ye
nuy.edu.ye,nuy.edu.ye,nuy.edu.ye
nvdl.gov.ye,nvdl.gov.ye,nvdl.gov.ye
nvis.ye,nvis.ye,nvis.ye
nvms.eomnv.gov.ye,nvms.eomnv.gov.ye,eomnv.gov.ye
nwrayemen.gov.ye,nwrayemen.gov.ye,nwrayemen.gov.ye
nymc.com.ye,nymc.com.ye,nymc.com.ye
obsgroup.com.ye,obsgroup.com.ye,obsgroup.com.ye
ocs.alraziuni.edu.ye,ocs.alraziuni.edu.ye,alraziuni.edu.ye
office.yemenmobile.com.ye,office.yemenmobile.com.ye,yemenmobile.com.ye
officeonline.yemenmobile.com.ye,officeonline.yemenmobile.com.ye,yemenmobile.com.ye
ofinixx.com.srs-mohe.gov.ye,ofinixx.com.srs-mohe.gov.ye,srs-mohe.gov.ye
ofinixx.srs-mohe.gov.ye,ofinixx.srs-mohe.gov.ye,srs-mohe.gov.ye
ojs.bdh.edu.ye,ojs.bdh.edu.ye,bdh.edu.ye
old.21umas.edu.ye,old.21umas.edu.ye,21umas.edu.ye
old.qau.edu.ye,old.qau.edu.ye,qau.edu.ye
olx.com.ye,olx.com.ye,olx.com.ye
omega.com.ye,omega.com.ye,omega.com.ye
omron.com.ye,omron.com.ye,omron.com.ye
omv.com.ye,omv.com.ye,omv.com.ye
onecash.com.ye,onecash.com.ye,onecash.com.ye
onecash.net.ye,onecash.net.ye,onecash.net.ye
onecash.ye,onecash.ye,onecash.ye
onefamily.org.ye,onefamily.org.ye,onefamily.org.ye
onyx.com.ye,onyx.com.ye,onyx.com.ye
onyx.ye,onyx.ye,onyx.ye
oos.yemenmobile.com.ye,oos.yemenmobile.com.ye,yemenmobile.com.ye
oos3.yemenmobile.com.ye,oos3.yemenmobile.com.ye,yemenmobile.com.ye
oos4.yemenmobile.com.ye,oos4.yemenmobile.com.ye,yemenmobile.com.ye
opp.gia.gov.ye,opp.gia.gov.ye,gia.gov.ye
oppo-aed.com.ye,oppo-aed.com.ye,oppo-aed.com.ye
oppo.ye,oppo.ye,oppo.ye
oppoaed.com.ye,oppoaed.com.ye,oppoaed.com.ye
opss.org.ye,opss.org.ye,opss.org.ye
org.ye,org.ye,org.ye
organicyemen.ye,organicyemen.ye,organicyemen.ye
ormis-mof.gov.ye,ormis-mof.gov.ye,ormis-mof.gov.ye
os2.com.ye,os2.com.ye,os2.com.ye
osus.com.ye,osus.com.ye,osus.com.ye
overseas.com.ye,overseas.com.ye,overseas.com.ye
pa-yemen.gov.ye,pa-yemen.gov.ye,pa-yemen.gov.ye
pacific.com.ye,pacific.com.ye,pacific.com.ye
panasonic.com.ye,panasonic.com.ye,panasonic.com.ye
panel.y.net.ye,panel.y.net.ye,y.net.ye
papajohns.com.ye,papajohns.com.ye,papajohns.com.ye
pare.gov.ye,pare.gov.ye,pare.gov.ye
parliament.gov.ye,parliament.gov.ye,parliament.gov.ye
pass.centralbank.gov.ye,pass.centralbank.gov.ye,centralbank.gov.ye
pbi-svr01.yemenmobile.com.ye,pbi-svr01.yemenmobile.com.ye,yemenmobile.com.ye
pbi-svr02.yemenmobile.com.ye,pbi-svr02.yemenmobile.com.ye,yemenmobile.com.ye
pbi.yemenmobile.com.ye,pbi.yemenmobile.com.ye,yemenmobile.com.ye
pc-united.net.ye,pc-united.net.ye,pc-united.net.ye
pcas.org.ye,pcas.org.ye,pcas.org.ye
pccdm.gov.ye,pccdm.gov.ye,pccdm.gov.ye
pdn.net.ye,pdn.net.ye,pdn.net.ye
peace-yemen.org.ye,peace-yemen.org.ye,peace-yemen.org.ye
pec-wh-ps.gov.ye,pec-wh-ps.gov.ye,pec-wh-ps.gov.ye
pec.com.ye,pec.com.ye,pec.com.ye
pec.gov.ye,pec.gov.ye,pec.gov.ye
pecapp.ye,pecapp.ye,pecapp.ye
peoplemedia.com.ye,peoplemedia.com.ye,peoplemedia.com.ye
pepa.com.ye,pepa.com.ye,pepa.com.ye
pesticides.gov.ye,pesticides.gov.ye,pesticides.gov.ye
petronahad.com.ye,petronahad.com.ye,petronahad.com.ye
petrosaba.com.ye,petrosaba.com.ye,petrosaba.com.ye
petrosupply-og.com.ye,petrosupply-og.com.ye,petrosupply-og.com.ye
pfmod.gov.ye,pfmod.gov.ye,pfmod.gov.ye
pfmod.ye,pfmod.ye,pfmod.ye
pfmp.mof.gov.ye,pfmp.mof.gov.ye,mof.gov.ye
pgfpp.gov.ye,pgfpp.gov.ye,pgfpp.gov.ye
pgsf.org.ye,pgsf.org.ye,pgsf.org.ye
pharmatechnology.com.ye,pharmatechnology.com.ye,pharmatechnology.com.ye
phm.hoduniv.net.ye,phm.hoduniv.net.ye,hoduniv.net.ye
phoenixtowers.com.ye,phoenixtowers.com.ye,phoenixtowers.com.ye
phpf.org.ye,phpf.org.ye,phpf.org.ye
pji-fic.com.ye,pji-fic.com.ye,pji-fic.com.ye
pkfye.ye,pkfye.ye,pkfye.ye
platform.ye,platform.ye,platform.ye
platinum.com.ye,platinum.com.ye,platinum.com.ye
pm.gov.ye,pm.gov.ye,pm.gov.ye
pmo.gov.ye,pmo.gov.ye,pmo.gov.ye
pms.amu.edu.ye,pms.amu.edu.ye,amu.edu.ye
po.gov.ye,po.gov.ye,po.gov.ye
poacye.edu.ye,poacye.edu.ye,poacye.edu.ye
polemb.y.net.ye,polemb.y.net.ye,y.net.ye
pop3.yemen.net.ye,pop3.yemen.net.ye,yemen.net.ye
poprhs.com.ye,poprhs.com.ye,poprhs.com.ye
portal.21umas.edu.ye,portal.21umas.edu.ye,21umas.edu.ye
portal.customs.gov.ye,portal.customs.gov.ye,customs.gov.ye
portal.mocsi.gov.ye,portal.mocsi.gov.ye,mocsi.gov.ye
portal.ust.edu.ye,portal.ust.edu.ye,ust.edu.ye
portal.yemenmobile.com.ye,portal.yemenmobile.com.ye,yemenmobile.com.ye
portal.yemensadad.net.ye,portal.yemensadad.net.ye,yemensadad.net.ye
post.ye,post.ye,post.ye
postcards.ye,postcards.ye,postcards.ye
premiumcare.com.ye,premiumcare.com.ye,premiumcare.com.ye
presidency.gov.ye,presidency.gov.ye,presidency.gov.ye
president.ye,president.ye,president.ye
presidenthadi.gov.ye,presidenthadi.gov.ye,presidenthadi.gov.ye
presidentialoffice.gov.ye,presidentialoffice.gov.ye,presidentialoffice.gov.ye
presidentsaleh.gov.ye,presidentsaleh.gov.ye,presidentsaleh.gov.ye
presidentsaleh.ye,presidentsaleh.ye,presidentsaleh.ye
princebaby.ye,princebaby.ye,princebaby.ye
pro.ye,pro.ye,pro.ye
project.portal.yemenmobile.com.ye,project.portal.yemenmobile.com.ye,yemenmobile.com.ye
project.sharepointtest.yemenmobile.com.ye,project.sharepointtest.yemenmobile.com.ye,yemenmobile.com.ye
project.yemenmobile.com.ye,project.yemenmobile.com.ye,yemenmobile.com.ye
prosite.com.ye,prosite.com.ye,prosite.com.ye
proton.com.ye,proton.com.ye,proton.com.ye
proventek.ye,proventek.ye,proventek.ye
provex.com.ye,provex.com.ye,provex.com.ye
prowork.com.ye,prowork.com.ye,prowork.com.ye
psc.ye,psc.ye,psc.ye
pstc.edu.ye,pstc.edu.ye,pstc.edu.ye
ptc.com.ye,ptc.com.ye,ptc.com.ye
ptc.gov.ye,ptc.gov.ye,ptc.gov.ye
pub.ye,pub.ye,pub.ye
pyes.com.ye,pyes.com.ye,pyes.com.ye
qanaahexpress.com.ye,qanaahexpress.com.ye,qanaahexpress.com.ye
qapco.com.ye,qapco.com.ye,qapco.com.ye
qasu.edu.ye,qasu.edu.ye,qasu.edu.ye
qatofin.com.ye,qatofin.com.ye,qatofin.com.ye
qau.edu.ye,qau.edu.ye,qau.edu.ye
qau.ye,qau.ye,qau.ye
qr-moit.gov.ye,qr-moit.gov.ye,qr-moit.gov.ye
qsesalanbia.y.net.ye,qsesalanbia.y.net.ye,y.net.ye
qtaralnada.srs-mohe.gov.ye,qtaralnada.srs-mohe.gov.ye,srs-mohe.gov.ye
queenscollege.edu.ye,queenscollege.edu.ye,queenscollege.edu.ye
queensys.srs-mohe.gov.ye,queensys.srs-mohe.gov.ye,srs-mohe.gov.ye
quni.edu.ye,quni.edu.ye,quni.edu.ye
qurtoba.ye,qurtoba.ye,qurtoba.ye
r-aladwyaschool.edu.ye,r-aladwyaschool.edu.ye,r-aladwyaschool.edu.ye
rahal.com.ye,rahal.com.ye,rahal.com.ye
raiby.com.ye,raiby.com.ye,raiby.com.ye
ram.com.ye,ram.com.ye,ram.com.ye
ramada-almukalla.com.ye,ramada-almukalla.com.ye,ramada-almukalla.com.ye
ramaexports.com.ye,ramaexports.com.ye,ramaexports.com.ye
ramimedical.com.ye,ramimedical.com.ye,ramimedical.com.ye
rased.ye,rased.ye,rased.ye
rashadbohair.annajmplus.com.ye,rashadbohair.annajmplus.com.ye,annajmplus.com.ye
rashadbohair.com.ye,rashadbohair.com.ye,rashadbohair.com.ye
rashadbohair.ye,rashadbohair.ye,rashadbohair.ye
rashadbohair1.annajmplus.com.ye,rashadbohair1.annajmplus.com.ye,annajmplus.com.ye
rashadbohair2.annajmplus.com.ye,rashadbohair2.annajmplus.com.ye,annajmplus.com.ye
rasidyonline.com.ye,rasidyonline.com.ye,rasidyonline.com.ye
rawabialkhair.com.ye,rawabialkhair.com.ye,rawabialkhair.com.ye
rdap-ote.y.net.ye,rdap-ote.y.net.ye,y.net.ye
rdap.y.net.ye,rdap.y.net.ye,y.net.ye
rdc.gov.ye,rdc.gov.ye,rdc.gov.ye
rec.smeps.org.ye,rec.smeps.org.ye,smeps.org.ye
redline.com.ye,redline.com.ye,redline.com.ye
redline.ye,redline.ye,redline.ye
referencepharma.com.ye,referencepharma.com.ye,referencepharma.com.ye
reg.hu.edu.ye,reg.hu.edu.ye,hu.edu.ye
registry.nic.ye,registry.nic.ye,nic.ye
registry.yemenmobile.com.ye,registry.yemenmobile.com.ye,yemenmobile.com.ye
reliefpharma.com.ye,reliefpharma.com.ye,reliefpharma.com.ye
remisc.org.ye,remisc.org.ye,remisc.org.ye
repository.alraziuni.edu.ye,repository.alraziuni.edu.ye,alraziuni.edu.ye
res.22may.hospital.ye,res.22may.hospital.ye,22may.hospital.ye
research-priorities.hasti.gov.ye,research-priorities.hasti.gov.ye,hasti.gov.ye
results.edu.ye,results.edu.ye,results.edu.ye
results.su.edu.ye,results.su.edu.ye,su.edu.ye
ret.gov.ye,ret.gov.ye,ret.gov.ye
rhc.com.ye,rhc.com.ye,rhc.com.ye
richland.com.ye,richland.com.ye,richland.com.ye
right.com.ye,right.com.ye,right.com.ye
righttec.com.ye,righttec.com.ye,righttec.com.ye
rihs-lms.alraziuni.edu.ye,rihs-lms.alraziuni.edu.ye,alraziuni.edu.ye
rimaz.com.ye,rimaz.com.ye,rimaz.com.ye
riyadh.ye,riyadh.ye,riyadh.ye
rowad.edu.ye,rowad.edu.ye,rowad.edu.ye
rp.ptc.gov.ye,rp.ptc.gov.ye,ptc.gov.ye
rsm-yemen.ye,rsm-yemen.ye,rsm-yemen.ye
rsmyemen.ye,rsmyemen.ye,rsmyemen.ye
rujms.alraziuni.edu.ye,rujms.alraziuni.edu.ye,alraziuni.edu.ye
ruknalafaq.com.ye,ruknalafaq.com.ye,ruknalafaq.com.ye
s-tawasul.gov.ye,s-tawasul.gov.ye,s-tawasul.gov.ye
s.mocsi.gov.ye,s.mocsi.gov.ye,mocsi.gov.ye
s2d.com.ye,s2d.com.ye,s2d.com.ye
sa-portal.ye,sa-portal.ye,sa-portal.ye
saad.y.net.ye,saad.y.net.ye,y.net.ye
saada-uni.edu.ye,saada-uni.edu.ye,saada-uni.edu.ye
saadahradio.net.ye,saadahradio.net.ye,saadahradio.net.ye
saba.edu.ye,saba.edu.ye,saba.edu.ye
saba.ye,saba.ye,saba.ye
sababank.com.ye,sababank.com.ye,sababank.com.ye
sabacash.com.ye,sabacash.com.ye,sabacash.com.ye
sabacash.net.ye,sabacash.net.ye,sabacash.net.ye
sabacash.ye,sabacash.ye,sabacash.ye
sabafon.com.ye,sabafon.com.ye,sabafon.com.ye
sabafon.net.ye,sabafon.net.ye,sabafon.net.ye
sabanews.gov.ye,sabanews.gov.ye,sabanews.gov.ye
saberhospital.com.ye,saberhospital.com.ye,saberhospital.com.ye
sabrahpharma.com.ye,sabrahpharma.com.ye,sabrahpharma.com.ye
sacha.com.ye,sacha.com.ye,sacha.com.ye
sadah.gov.ye,sadah.gov.ye,sadah.gov.ye
sadiu.edu.ye,sadiu.edu.ye,sadiu.edu.ye
safetrack.com.ye,safetrack.com.ye,safetrack.com.ye
safetrack.ye,safetrack.ye,safetrack.ye
saffari.com.ye,saffari.com.ye,saffari.com.ye
safidanone.com.ye,safidanone.com.ye,safidanone.com.ye
sah.com.ye,sah.com.ye,sah.com.ye
sah1.ye,sah1.ye,sah1.ye
sah2.ye,sah2.ye,sah2.ye
sah3.ye,sah3.ye,sah3.ye
sah7.ye,sah7.ye,sah7.ye
sah8.ye,sah8.ye,sah8.ye
sahem.com.ye,sahem.com.ye,sahem.com.ye
sahlyemen.com.ye,sahlyemen.com.ye,sahlyemen.com.ye
sahwayem.y.net.ye,sahwayem.y.net.ye,y.net.ye
sai.com.ye,sai.com.ye,sai.com.ye
saicmyemen.gov.ye,saicmyemen.gov.ye,saicmyemen.gov.ye
sailan.com.ye,sailan.com.ye,sailan.com.ye
sailan.ye,sailan.ye,sailan.ye
salahicorp.com.ye,salahicorp.com.ye,salahicorp.com.ye
salam-world.com.ye,salam-world.com.ye,salam-world.com.ye
salamworld.com.ye,salamworld.com.ye,salamworld.com.ye
salimi.host.net.ye,salimi.host.net.ye,host.net.ye
sam-bam.com.ye,sam-bam.com.ye,sam-bam.com.ye
sama.com.ye,sama.com.ye,sama.com.ye
sammad.ye,sammad.ye,sammad.ye
sammedical.com.ye,sammedical.com.ye,sammedical.com.ye
samtex.com.ye,samtex.com.ye,samtex.com.ye
samxfirst.com.ye,samxfirst.com.ye,samxfirst.com.ye
samyemen.com.ye,samyemen.com.ye,samyemen.com.ye
sanaacompany.com.ye,sanaacompany.com.ye,sanaacompany.com.ye
sanaagassp.gov.ye,sanaagassp.gov.ye,sanaagassp.gov.ye
sanaaguide.com.ye,sanaaguide.com.ye,sanaaguide.com.ye
sanaampwh.gov.ye,sanaampwh.gov.ye,sanaampwh.gov.ye
sanaaradio.net.ye,sanaaradio.net.ye,sanaaradio.net.ye
sanaaradio.ye,sanaaradio.ye,sanaaradio.ye
sar.21umas.edu.ye,sar.21umas.edu.ye,21umas.edu.ye
sar.su.edu.ye,sar.su.edu.ye,su.edu.ye
sary.com.ye,sary.com.ye,sary.com.ye
saudisigns.com.ye,saudisigns.com.ye,saudisigns.com.ye
savetime.srs-mohe.gov.ye,savetime.srs-mohe.gov.ye,srs-mohe.gov.ye
sawa.com.ye,sawa.com.ye,sawa.com.ye
sawabi.com.ye,sawabi.com.ye,sawabi.com.ye
sawafirst.com.ye,sawafirst.com.ye,sawafirst.com.ye
sayich.com.ye,sayich.com.ye,sayich.com.ye
sbco.com.ye,sbco.com.ye,sbco.com.ye
sbdma.gov.ye,sbdma.gov.ye,sbdma.gov.ye
sbdma.ye,sbdma.ye,sbdma.ye
sbidc05.sbiyemen.com.ye,sbidc05.sbiyemen.com.ye,sbiyemen.com.ye
sbiyemen.com.ye,sbiyemen.com.ye,sbiyemen.com.ye
sbs.y.net.ye,sbs.y.net.ye,y.net.ye
scafa.com.ye,scafa.com.ye,scafa.com.ye
scc.edu.ye,scc.edu.ye,scc.edu.ye
sccholding.net.ye,sccholding.net.ye,sccholding.net.ye
scdsy.alraziuni.edu.ye,scdsy.alraziuni.edu.ye,alraziuni.edu.ye
scdsy1.alraziuni.edu.ye,scdsy1.alraziuni.edu.ye,alraziuni.edu.ye
scer.gov.ye,scer.gov.ye,scer.gov.ye
schneider-electric.ye,schneider-electric.ye,schneider-electric.ye
school.ye,school.ye,school.ye
scif.hoduniv.net.ye,scif.hoduniv.net.ye,hoduniv.net.ye
scimmp.gov.ye,scimmp.gov.ye,scimmp.gov.ye
scj.amu.edu.ye,scj.amu.edu.ye,amu.edu.ye
scm.amu.edu.ye,scm.amu.edu.ye,amu.edu.ye
sdf-yemen.gov.ye,sdf-yemen.gov.ye,sdf-yemen.gov.ye
sdomain.testcp.net.ye,sdomain.testcp.net.ye,testcp.net.ye
sea.hoduniv.net.ye,sea.hoduniv.net.ye,hoduniv.net.ye
seaworld-log.ye,seaworld-log.ye,seaworld-log.ye
sec.gov.ye,sec.gov.ye,sec.gov.ye
secularyemenis.srs-mohe.gov.ye,secularyemenis.srs-mohe.gov.ye,srs-mohe.gov.ye
seep.edu.ye,seep.edu.ye,seep.edu.ye
seiyunu.edu.ye,seiyunu.edu.ye,seiyunu.edu.ye
selam-world.com.ye,selam-world.com.ye,selam-world.com.ye
selamworld.com.ye,selamworld.com.ye,selamworld.com.ye
sensetrading.com.ye,sensetrading.com.ye,sensetrading.com.ye
sepoc.ye,sepoc.ye,sepoc.ye
sepocye.com.ye,sepocye.com.ye,sepocye.com.ye
sepp.com.ye,sepp.com.ye,sepp.com.ye
september.net.ye,september.net.ye,september.net.ye
server.iqraa.edu.ye,server.iqraa.edu.ye,iqraa.edu.ye
server.teleyemen.com.ye,server.teleyemen.com.ye,teleyemen.com.ye
service.post.ye,service.post.ye,post.ye
services.mofa.gov.ye,services.mofa.gov.ye,mofa.gov.ye
sez.gov.ye,sez.gov.ye,sez.gov.ye
sfd.org.ye,sfd.org.ye,sfd.org.ye
sfd.ye,sfd.ye,sfd.ye
sfhrp.org.ye,sfhrp.org.ye,sfhrp.org.ye
sfp.gov.ye,sfp.gov.ye,sfp.gov.ye
shababunity.com.ye,shababunity.com.ye,shababunity.com.ye
shabwah.gov.ye,shabwah.gov.ye,shabwah.gov.ye
shaleif.com.ye,shaleif.com.ye,shaleif.com.ye
shamilbank.com.ye,shamilbank.com.ye,shamilbank.com.ye
sharepointtest.yemenmobile.com.ye,sharepointtest.yemenmobile.com.ye,yemenmobile.com.ye
shawarmanji.com.ye,shawarmanji.com.ye,shawarmanji.com.ye
shawategroup.com.ye,shawategroup.com.ye,shawategroup.com.ye
shd.org.ye,shd.org.ye,shd.org.ye
sheba.ye,sheba.ye,sheba.ye
shebatv.net.ye,shebatv.net.ye,shebatv.net.ye
shebatv.ye,shebatv.ye,shebatv.ye
shein.com.ye,shein.com.ye,shein.com.ye
shibam-tours.y.net.ye,shibam-tours.y.net.ye,y.net.ye
shohadaa.gov.ye,shohadaa.gov.ye,shohadaa.gov.ye
shoora.gov.ye,shoora.gov.ye,shoora.gov.ye
shootingbackfromyemen.ye,shootingbackfromyemen.ye,shootingbackfromyemen.ye
shoura.y.net.ye,shoura.y.net.ye,y.net.ye
showlaq.com.ye,showlaq.com.ye,showlaq.com.ye
shu.edu.ye,shu.edu.ye,shu.edu.ye
siemens.com.ye,siemens.com.ye,siemens.com.ye
sigmagroup.com.ye,sigmagroup.com.ye,sigmagroup.com.ye
sindbad.srs-mohe.gov.ye,sindbad.srs-mohe.gov.ye,srs-mohe.gov.ye
sis.hu.edu.ye,sis.hu.edu.ye,hu.edu.ye
sis.y.net.ye,sis.y.net.ye,y.net.ye
sit.y.net.ye,sit.y.net.ye,y.net.ye
site.amu.edu.ye,site.amu.edu.ye,amu.edu.ye
sjcyemen.gov.ye,sjcyemen.gov.ye,sjcyemen.gov.ye
skyalbadr.com.ye,skyalbadr.com.ye,skyalbadr.com.ye
skyinnovation.com.ye,skyinnovation.com.ye,skyinnovation.com.ye
skyscanner.com.ye,skyscanner.com.ye,skyscanner.com.ye
slo.gov.ye,slo.gov.ye,slo.gov.ye
smaj.seiyunu.edu.ye,smaj.seiyunu.edu.ye,seiyunu.edu.ye
smart.edu.ye,smart.edu.ye,smart.edu.ye
smart.ust.edu.ye,smart.ust.edu.ye,ust.edu.ye
smartbusiness.com.ye,smartbusiness.com.ye,smartbusiness.com.ye
smartgate.edu.ye,smartgate.edu.ye,smartgate.edu.ye
smartlift.com.ye,smartlift.com.ye,smartlift.com.ye
smartlook.ye,smartlook.ye,smartlook.ye
smartworld.ye,smartworld.ye,smartworld.ye
smc.com.ye,smc.com.ye,smc.com.ye
smc.gov.ye,smc.gov.ye,smc.gov.ye
smeps.org.ye,smeps.org.ye,smeps.org.ye
smileazaldent.com.ye,smileazaldent.com.ye,smileazaldent.com.ye
smtp.yemen.net.ye,smtp.yemen.net.ye,yemen.net.ye
snacc.gov.ye,snacc.gov.ye,snacc.gov.ye
snackglopl.srs-mohe.gov.ye,snackglopl.srs-mohe.gov.ye,srs-mohe.gov.ye
social2.ygsmrb.org.ye,social2.ygsmrb.org.ye,ygsmrb.org.ye
socomec.com.ye,socomec.com.ye,socomec.com.ye
sofa.ye,sofa.ye,sofa.ye
sohobcom-test.com.ye,sohobcom-test.com.ye,sohobcom-test.com.ye
sohobcom.edu.ye,sohobcom.edu.ye,sohobcom.edu.ye
sohobcom.ye,sohobcom.ye,sohobcom.ye
soholaljawf.com.ye,soholaljawf.com.ye,soholaljawf.com.ye
sohoolyemen.com.ye,sohoolyemen.com.ye,sohoolyemen.com.ye
soul.org.ye,soul.org.ye,soul.org.ye
sowaa.com.ye,sowaa.com.ye,sowaa.com.ye
spacelink.com.ye,spacelink.com.ye,spacelink.com.ye
spacey.com.ye,spacey.com.ye,spacey.com.ye
spam.hoduniv.net.ye,spam.hoduniv.net.ye,hoduniv.net.ye
spe.iutt.edu.ye,spe.iutt.edu.ye,iutt.edu.ye
speed.ye,speed.ye,speed.ye
speedtest.yemen.net.ye,speedtest.yemen.net.ye,yemen.net.ye
spherent.com.ye,spherent.com.ye,spherent.com.ye
spinneys.com.ye,spinneys.com.ye,spinneys.com.ye
spo.hoduniv.net.ye,spo.hoduniv.net.ye,hoduniv.net.ye
srf.gov.ye,srf.gov.ye,srf.gov.ye
srs-mohe.gov.ye,srs-mohe.gov.ye,srs-mohe.gov.ye
srsps-mohe.gov.ye,srsps-mohe.gov.ye,srsps-mohe.gov.ye
srv.smartgate.edu.ye,srv.smartgate.edu.ye,smartgate.edu.ye
srv2.smartgate.edu.ye,srv2.smartgate.edu.ye,smartgate.edu.ye
ssd.org.ye,ssd.org.ye,ssd.org.ye
staff.iutt.edu.ye,staff.iutt.edu.ye,iutt.edu.ye
staff.tu.edu.ye,staff.tu.edu.ye,tu.edu.ye
starsteptrading.com.ye,starsteptrading.com.ye,starsteptrading.com.ye
start.edu.ye,start.edu.ye,start.edu.ye
staticmohe.gov.ye,staticmohe.gov.ye,staticmohe.gov.ye
stcotec.com.ye,stcotec.com.ye,stcotec.com.ye
std.iutt.edu.ye,std.iutt.edu.ye,iutt.edu.ye
storefront.yemenmobile.com.ye,storefront.yemenmobile.com.ye,yemenmobile.com.ye
stream2.yemen.net.ye,stream2.yemen.net.ye,yemen.net.ye
sts.hu.edu.ye,sts.hu.edu.ye,hu.edu.ye
sts.y.net.ye,sts.y.net.ye,y.net.ye
studentgate.tu.edu.ye,studentgate.tu.edu.ye,tu.edu.ye
studies.nic.gov.ye,studies.nic.gov.ye,nic.gov.ye
su.edu.ye,su.edu.ye,su.edu.ye
suerp.gov.ye,suerp.gov.ye,suerp.gov.ye
superconsulting.com.ye,superconsulting.com.ye,superconsulting.com.ye
survey-authority.gov.ye,survey-authority.gov.ye,survey-authority.gov.ye
suzuki.com.ye,suzuki.com.ye,suzuki.com.ye
swf.gov.ye,swf.gov.ye,swf.gov.ye
swslc-yemen.com.ye,swslc-yemen.com.ye,swslc-yemen.com.ye
syepco.com.ye,syepco.com.ye,syepco.com.ye
szi.com.ye,szi.com.ye,szi.com.ye
tabsit.ye,tabsit.ye,tabsit.ye
taha-cpa.com.ye,taha-cpa.com.ye,taha-cpa.com.ye
tahweelex.com.ye,tahweelex.com.ye,tahweelex.com.ye
taiz.edu.ye,taiz.edu.ye,taiz.edu.ye
taizchamber.com.ye,taizchamber.com.ye,taizchamber.com.ye
taizzradio.net.ye,taizzradio.net.ye,taizzradio.net.ye
tam-group.com.ye,tam-group.com.ye,tam-group.com.ye
tamkeen.com.ye,tamkeen.com.ye,tamkeen.com.ye
tarady-trade.com.ye,tarady-trade.com.ye,tarady-trade.com.ye
tarwfreligcivi.org.ye,tarwfreligcivi.org.ye,tarwfreligcivi.org.ye
tashreen.com.ye,tashreen.com.ye,tashreen.com.ye
tawasul.gov.ye,tawasul.gov.ye,tawasul.gov.ye
tawseel.com.ye,tawseel.com.ye,tawseel.com.ye
tax-capital.gov.ye,tax-capital.gov.ye,tax-capital.gov.ye
tax.gov.ye,tax.gov.ye,tax.gov.ye
taxltu.gov.ye,taxltu.gov.ye,taxltu.gov.ye
tbhs.com.ye,tbhs.com.ye,tbhs.com.ye
tci-dhamar.com.ye,tci-dhamar.com.ye,tci-dhamar.com.ye
tda-yemen.org.ye,tda-yemen.org.ye,tda-yemen.org.ye
tebr.com.ye,tebr.com.ye,tebr.com.ye
tebyan.school.ye,tebyan.school.ye,tebyan.school.ye
tebyan.ye,tebyan.ye,tebyan.ye
tech-city.gov.ye,tech-city.gov.ye,tech-city.gov.ye
tech.seiyunu.edu.ye,tech.seiyunu.edu.ye,seiyunu.edu.ye
techhunters.y.net.ye,techhunters.y.net.ye,y.net.ye
technohouse.com.ye,technohouse.com.ye,technohouse.com.ye
technozone.ye,technozone.ye,technozone.ye
techsci-experts.com.ye,techsci-experts.com.ye,techsci-experts.com.ye
tedx.seiyunu.edu.ye,tedx.seiyunu.edu.ye,seiyunu.edu.ye
tehama.com.ye,tehama.com.ye,tehama.com.ye
tehamahcement.com.ye,tehamahcement.com.ye,tehamahcement.com.ye
teleport.yemen.net.ye,teleport.yemen.net.ye,yemen.net.ye
teleyemen.com.ye,teleyemen.com.ye,teleyemen.com.ye
teleyemen.net.ye,teleyemen.net.ye,teleyemen.net.ye
teleyemen.ye,teleyemen.ye,teleyemen.ye
teleyemenreports.com.ye,teleyemenreports.com.ye,teleyemenreports.com.ye
tesf.edu.ye,tesf.edu.ye,tesf.edu.ye
test.21umas.edu.ye,test.21umas.edu.ye,21umas.edu.ye
test.afy.gov.ye,test.afy.gov.ye,afy.gov.ye
test.agriculture.gov.ye,test.agriculture.gov.ye,agriculture.gov.ye
test.antar.iqraa.edu.ye,test.antar.iqraa.edu.ye,iqraa.edu.ye
test.area.gov.ye,test.area.gov.ye,area.gov.ye
test.cama.gov.ye,test.cama.gov.ye,cama.gov.ye
test.iqraa.edu.ye,test.iqraa.edu.ye,iqraa.edu.ye
test.krm.com.ye,test.krm.com.ye,krm.com.ye
test.ptc.gov.ye,test.ptc.gov.ye,ptc.gov.ye
test.smc.gov.ye,test.smc.gov.ye,smc.gov.ye
test.testplsk.net.ye,test.testplsk.net.ye,testplsk.net.ye
test.testyemen.net.ye,test.testyemen.net.ye,testyemen.net.ye
test.titmag.net.ye,test.titmag.net.ye,titmag.net.ye
test.ycpa.ye,test.ycpa.ye,ycpa.ye
test.yectv.edu.ye,test.yectv.edu.ye,yectv.edu.ye
test.yemen.net.ye,test.yemen.net.ye,yemen.net.ye
test.yemenvision.gov.ye,test.yemenvision.gov.ye,yemenvision.gov.ye
test1.com.ye,test1.com.ye,test1.com.ye
test1.iqraa.edu.ye,test1.iqraa.edu.ye,iqraa.edu.ye
test1.tebyan.ye,test1.tebyan.ye,tebyan.ye
test2019.yemen.net.ye,test2019.yemen.net.ye,yemen.net.ye
testcp.net.ye,testcp.net.ye,testcp.net.ye
testing.sabafon.com.ye,testing.sabafon.com.ye,sabafon.com.ye
testnewweb.smeps.org.ye,testnewweb.smeps.org.ye,smeps.org.ye
testplsk.net.ye,testplsk.net.ye,testplsk.net.ye
tests.worldtrust.com.ye,tests.worldtrust.com.ye,worldtrust.com.ye
testyemen.net.ye,testyemen.net.ye,testyemen.net.ye
thabetbros.com.ye,thabetbros.com.ye,thabetbros.com.ye
thabetson.com.ye,thabetson.com.ye,thabetson.com.ye
thci.edu.ye,thci.edu.ye,thci.edu.ye
thcmc.com.ye,thcmc.com.ye,thcmc.com.ye
thecheesecakefactory.com.ye,thecheesecakefactory.com.ye,thecheesecakefactory.com.ye
thechildrensplace.com.ye,thechildrensplace.com.ye,thechildrensplace.com.ye
thechildrensplace.org.ye,thechildrensplace.org.ye,thechildrensplace.org.ye
thobhan.org.ye,thobhan.org.ye,thobhan.org.ye
thu-fa.edu.ye,thu-fa.edu.ye,thu-fa.edu.ye
thuniv.edu.ye,thuniv.edu.ye,thuniv.edu.ye
time.ye,time.ye,time.ye
titmag.net.ye,titmag.net.ye,titmag.net.ye
tlc.edu.ye,tlc.edu.ye,tlc.edu.ye
tld.ye,tld.ye,tld.ye
tld1.ye,tld1.ye,tld1.ye
tld2.ye,tld2.ye,tld2.ye
tld3.ye,tld3.ye,tld3.ye
tlr.com.ye,tlr.com.ye,tlr.com.ye
tma-photo.com.ye,tma-photo.com.ye,tma-photo.com.ye
tmc.ye,tmc.ye,tmc.ye
tmgh.gov.ye,tmgh.gov.ye,tmgh.gov.ye
tnom.com.ye,tnom.com.ye,tnom.com.ye
togetherpharma.com.ye,togetherpharma.com.ye,togetherpharma.com.ye
top1oil.com.ye,top1oil.com.ye,top1oil.com.ye
topeasy.com.ye,topeasy.com.ye,topeasy.com.ye
topfish.com.ye,topfish.com.ye,topfish.com.ye
topresidency.gov.ye,topresidency.gov.ye,topresidency.gov.ye
toshiba.com.ye,toshiba.com.ye,toshiba.com.ye
tourism.gov.ye,tourism.gov.ye,tourism.gov.ye
tourisminyemen.gov.ye,tourisminyemen.gov.ye,tourisminyemen.gov.ye
tourismyemen.gov.ye,tourismyemen.gov.ye,tourismyemen.gov.ye
tours.com.ye,tours.com.ye,tours.com.ye
towaity.com.ye,towaity.com.ye,towaity.com.ye
toyota.com.ye,toyota.com.ye,toyota.com.ye
tr-sanaa.gov.ye,tr-sanaa.gov.ye,tr-sanaa.gov.ye
tr.sanaaradio.net.ye,tr.sanaaradio.net.ye,sanaaradio.net.ye
tr1.seiyunu.edu.ye,tr1.seiyunu.edu.ye,seiyunu.edu.ye
tr2.seiyunu.edu.ye,tr2.seiyunu.edu.ye,seiyunu.edu.ye
training.tax.gov.ye,training.tax.gov.ye,tax.gov.ye
trustworld.com.ye,trustworld.com.ye,trustworld.com.ye
trye.gov.ye,trye.gov.ye,trye.gov.ye
tsc.com.ye,tsc.com.ye,tsc.com.ye
tst-app01.yemenmobile.com.ye,tst-app01.yemenmobile.com.ye,yemenmobile.com.ye
tst-app02.yemenmobile.com.ye,tst-app02.yemenmobile.com.ye,yemenmobile.com.ye
tst-azure-app.yemenmobile.com.ye,tst-azure-app.yemenmobile.com.ye,yemenmobile.com.ye
tst-few01.yemenmobile.com.ye,tst-few01.yemenmobile.com.ye,yemenmobile.com.ye
tst-few02.yemenmobile.com.ye,tst-few02.yemenmobile.com.ye,yemenmobile.com.ye
ttmed.com.ye,ttmed.com.ye,ttmed.com.ye
tu.edu.ye,tu.edu.ye,tu.edu.ye
tv.ye,tv.ye,tv.ye
tvaden.net.ye,tvaden.net.ye,tvaden.net.ye
twitter.com.ye,twitter.com.ye,twitter.com.ye
twslc.gov.ye,twslc.gov.ye,twslc.gov.ye
twttc-am.com.ye,twttc-am.com.ye,twttc-am.com.ye
ty.com.ye,ty.com.ye,ty.com.ye
tybypass.com.ye,tybypass.com.ye,tybypass.com.ye
tycache.com.ye,tycache.com.ye,tycache.com.ye
tyco-electronics.com.ye,tyco-electronics.com.ye,tyco-electronics.com.ye
tycoelectronics.com.ye,tycoelectronics.com.ye,tycoelectronics.com.ye
tyt.com.ye,tyt.com.ye,tyt.com.ye
tyt1.com.ye,tyt1.com.ye,tyt1.com.ye
uajnas.gov.ye,uajnas.gov.ye,uajnas.gov.ye
ucash.com.ye,ucash.com.ye,ucash.com.ye
ucci.tu.edu.ye,ucci.tu.edu.ye,tu.edu.ye
uchp.org.ye,uchp.org.ye,uchp.org.ye
ufa.alraziuni.edu.ye,ufa.alraziuni.edu.ye,alraziuni.edu.ye
ufafpi.ye,ufafpi.ye,ufafpi.ye
uin.edu.ye,uin.edu.ye,uin.edu.ye
uis.edu.ye,uis.edu.ye,uis.edu.ye
ultimate.edu.ye,ultimate.edu.ye,ultimate.edu.ye
ums.edu.ye,ums.edu.ye,ums.edu.ye
un.ye,un.ye,un.ye
uni.ye,uni.ye,uni.ye
unicell.com.ye,unicell.com.ye,unicell.com.ye
unimaxhospital.srs-mohe.gov.ye,unimaxhospital.srs-mohe.gov.ye,srs-mohe.gov.ye
unionnetwork.com.ye,unionnetwork.com.ye,unionnetwork.com.ye
uniship.aden.com.ye,uniship.aden.com.ye,aden.com.ye
uniship.com.ye,uniship.com.ye,uniship.com.ye
unitedpharmacy.com.ye,unitedpharmacy.com.ye,unitedpharmacy.com.ye
unitedsoft.com.ye,unitedsoft.com.ye,unitedsoft.com.ye
unitel-group.com.ye,unitel-group.com.ye,unitel-group.com.ye
uniten.com.ye,uniten.com.ye,uniten.com.ye
univey.y.net.ye,univey.y.net.ye,y.net.ye
updat-cor.com.ye,updat-cor.com.ye,updat-cor.com.ye
update.com.ye,update.com.ye,update.com.ye
updc.ye,updc.ye,updc.ye
uptech.com.ye,uptech.com.ye,uptech.com.ye
uqms.edu.ye,uqms.edu.ye,uqms.edu.ye
ust.edu.ye,ust.edu.ye,ust.edu.ye
usthyemen.com.ye,usthyemen.com.ye,usthyemen.com.ye
vastechnology.com.ye,vastechnology.com.ye,vastechnology.com.ye
vertexlifts.com.ye,vertexlifts.com.ye,vertexlifts.com.ye
vibrafone.com.ye,vibrafone.com.ye,vibrafone.com.ye
vieo.gov.ye,vieo.gov.ye,vieo.gov.ye
vim.ye,vim.ye,vim.ye
vindexyemen.com.ye,vindexyemen.com.ye,vindexyemen.com.ye
vip-ptc.gov.ye,vip-ptc.gov.ye,vip-ptc.gov.ye
visionofedu.gov.ye,visionofedu.gov.ye,visionofedu.gov.ye
volkswagen.com.ye,volkswagen.com.ye,volkswagen.com.ye
vouchers.gov.ye,vouchers.gov.ye,vouchers.gov.ye
voyages-au-yemen.com.ye,voyages-au-yemen.com.ye,voyages-au-yemen.com.ye
waas.com.ye,waas.com.ye,waas.com.ye
wadhaf.y.net.ye,wadhaf.y.net.ye,y.net.ye
wahdah-dca.com.ye,wahdah-dca.com.ye,wahdah-dca.com.ye
wasatia.edu.ye,wasatia.edu.ye,wasatia.edu.ye
waslafaqtv.net.ye,waslafaqtv.net.ye,waslafaqtv.net.ye
waslbulk.net.ye,waslbulk.net.ye,waslbulk.net.ye
wateraljawf.gov.ye,wateraljawf.gov.ye,wateraljawf.gov.ye
wb-crm.smeps.org.ye,wb-crm.smeps.org.ye,smeps.org.ye
wb-form.smeps.org.ye,wb-form.smeps.org.ye,smeps.org.ye
web.aghhajjah.gov.ye,web.aghhajjah.gov.ye,aghhajjah.gov.ye
web.cacinsurance.com.ye,web.cacinsurance.com.ye,cacinsurance.com.ye
web.krmbank.net.ye,web.krmbank.net.ye,krmbank.net.ye
web.smartgate.edu.ye,web.smartgate.edu.ye,smartgate.edu.ye
webdisk.189.gov.ye,webdisk.189.gov.ye,189.gov.ye
webdisk.21umas.edu.ye,webdisk.21umas.edu.ye,21umas.edu.ye
webdisk.abofuad.com.ye,webdisk.abofuad.com.ye,abofuad.com.ye
webdisk.acf.gov.ye,webdisk.acf.gov.ye,acf.gov.ye
webdisk.acu.org.ye,webdisk.acu.org.ye,acu.org.ye
webdisk.aghhajjah.gov.ye,webdisk.aghhajjah.gov.ye,aghhajjah.gov.ye
webdisk.agoye.gov.ye,webdisk.agoye.gov.ye,agoye.gov.ye
webdisk.agriculture.gov.ye,webdisk.agriculture.gov.ye,agriculture.gov.ye
webdisk.ajnadeenpharma.com.ye,webdisk.ajnadeenpharma.com.ye,ajnadeenpharma.com.ye
webdisk.alahliawater.com.ye,webdisk.alahliawater.com.ye,alahliawater.com.ye
webdisk.albaidany.com.ye,webdisk.albaidany.com.ye,albaidany.com.ye
webdisk.albaydhahis.gov.ye,webdisk.albaydhahis.gov.ye,albaydhahis.gov.ye
webdisk.albayynat.net.ye,webdisk.albayynat.net.ye,albayynat.net.ye
webdisk.alenbehar.com.ye,webdisk.alenbehar.com.ye,alenbehar.com.ye
webdisk.alezzpharma.com.ye,webdisk.alezzpharma.com.ye,alezzpharma.com.ye
webdisk.alfaress.com.ye,webdisk.alfaress.com.ye,alfaress.com.ye
webdisk.alhezmi.com.ye,webdisk.alhezmi.com.ye,alhezmi.com.ye
webdisk.alhubishicenter.com.ye,webdisk.alhubishicenter.com.ye,alhubishicenter.com.ye
webdisk.alkabsh.com.ye,webdisk.alkabsh.com.ye,alkabsh.com.ye
webdisk.alkantop.com.ye,webdisk.alkantop.com.ye,alkantop.com.ye
webdisk.almasirah.net.ye,webdisk.almasirah.net.ye,almasirah.net.ye
webdisk.alnamsapharma.com.ye,webdisk.alnamsapharma.com.ye,alnamsapharma.com.ye
webdisk.alraziuni.edu.ye,webdisk.alraziuni.edu.ye,alraziuni.edu.ye
webdisk.alrowaduni.edu.ye,webdisk.alrowaduni.edu.ye,alrowaduni.edu.ye
webdisk.alsaeeda.com.ye,webdisk.alsaeeda.com.ye,alsaeeda.com.ye
webdisk.alsuraihigroup.com.ye,webdisk.alsuraihigroup.com.ye,alsuraihigroup.com.ye
webdisk.altamimigroup.com.ye,webdisk.altamimigroup.com.ye,altamimigroup.com.ye
webdisk.amanaedu.gov.ye,webdisk.amanaedu.gov.ye,amanaedu.gov.ye
webdisk.amranhealth.gov.ye,webdisk.amranhealth.gov.ye,amranhealth.gov.ye
webdisk.ams.com.ye,webdisk.ams.com.ye,ams.com.ye
webdisk.amu.edu.ye,webdisk.amu.edu.ye,amu.edu.ye
webdisk.annajmplus.ye,webdisk.annajmplus.ye,annajmplus.ye
webdisk.arrayamedical.com.ye,webdisk.arrayamedical.com.ye,arrayamedical.com.ye
webdisk.ath.gov.ye,webdisk.ath.gov.ye,ath.gov.ye
webdisk.axi-1.yemen.net.ye,webdisk.axi-1.yemen.net.ye,yemen.net.ye
webdisk.barakishgroup.com.ye,webdisk.barakishgroup.com.ye,barakishgroup.com.ye
webdisk.belqees.org.ye,webdisk.belqees.org.ye,belqees.org.ye
webdisk.blueseas.com.ye,webdisk.blueseas.com.ye,blueseas.com.ye
webdisk.bst.ye,webdisk.bst.ye,bst.ye
webdisk.cama.gov.ye,webdisk.cama.gov.ye,cama.gov.ye
webdisk.capitalconsult.com.ye,webdisk.capitalconsult.com.ye,capitalconsult.com.ye
webdisk.ccsanaa.com.ye,webdisk.ccsanaa.com.ye,ccsanaa.com.ye
webdisk.crowe.com.ye,webdisk.crowe.com.ye,crowe.com.ye
webdisk.cso.gov.ye,webdisk.cso.gov.ye,cso.gov.ye
webdisk.csswyemen.org.ye,webdisk.csswyemen.org.ye,csswyemen.org.ye
webdisk.daraldawas.com.ye,webdisk.daraldawas.com.ye,daraldawas.com.ye
webdisk.directory.ye,webdisk.directory.ye,directory.ye
webdisk.dunes.org.ye,webdisk.dunes.org.ye,dunes.org.ye
webdisk.e-learning-moe.edu.ye,webdisk.e-learning-moe.edu.ye,e-learning-moe.edu.ye
webdisk.ebtecarcadcam.com.ye,webdisk.ebtecarcadcam.com.ye,ebtecarcadcam.com.ye
webdisk.eesdsu.edu.ye,webdisk.eesdsu.edu.ye,eesdsu.edu.ye
webdisk.elearning.amanaedu.gov.ye,webdisk.elearning.amanaedu.gov.ye,amanaedu.gov.ye
webdisk.english.almasirah.net.ye,webdisk.english.almasirah.net.ye,almasirah.net.ye
webdisk.eomnv.gov.ye,webdisk.eomnv.gov.ye,eomnv.gov.ye
webdisk.eswifi.com.ye,webdisk.eswifi.com.ye,eswifi.com.ye
webdisk.firstnovartic.com.ye,webdisk.firstnovartic.com.ye,firstnovartic.com.ye
webdisk.fiu.gov.ye,webdisk.fiu.gov.ye,fiu.gov.ye
webdisk.fortech.com.ye,webdisk.fortech.com.ye,fortech.com.ye
webdisk.fourseasons.com.ye,webdisk.fourseasons.com.ye,fourseasons.com.ye
webdisk.gbs.edu.ye,webdisk.gbs.edu.ye,gbs.edu.ye
webdisk.ghosanaa.gov.ye,webdisk.ghosanaa.gov.ye,ghosanaa.gov.ye
webdisk.gia.gov.ye,webdisk.gia.gov.ye,gia.gov.ye
webdisk.goam.gov.ye,webdisk.goam.gov.ye,goam.gov.ye
webdisk.goldenhawk.com.ye,webdisk.goldenhawk.com.ye,goldenhawk.com.ye
webdisk.greenyemen.com.ye,webdisk.greenyemen.com.ye,greenyemen.com.ye
webdisk.gsdo.org.ye,webdisk.gsdo.org.ye,gsdo.org.ye
webdisk.hajjahmla.gov.ye,webdisk.hajjahmla.gov.ye,hajjahmla.gov.ye
webdisk.hasti.gov.ye,webdisk.hasti.gov.ye,hasti.gov.ye
webdisk.healthgeneration.com.ye,webdisk.healthgeneration.com.ye,healthgeneration.com.ye
webdisk.hikma.edu.ye,webdisk.hikma.edu.ye,hikma.edu.ye
webdisk.hoduniv.net.ye,webdisk.hoduniv.net.ye,hoduniv.net.ye
webdisk.host.net.ye,webdisk.host.net.ye,host.net.ye
webdisk.host.yemen.net.ye,webdisk.host.yemen.net.ye,yemen.net.ye
webdisk.htb.gov.ye,webdisk.htb.gov.ye,htb.gov.ye
webdisk.ibb-wslc.gov.ye,webdisk.ibb-wslc.gov.ye,ibb-wslc.gov.ye
webdisk.ibs.edu.ye,webdisk.ibs.edu.ye,ibs.edu.ye
webdisk.iff.org.ye,webdisk.iff.org.ye,iff.org.ye
webdisk.imu.edu.ye,webdisk.imu.edu.ye,imu.edu.ye
webdisk.iqraa.edu.ye,webdisk.iqraa.edu.ye,iqraa.edu.ye
webdisk.iutt.edu.ye,webdisk.iutt.edu.ye,iutt.edu.ye
webdisk.jia.gov.ye,webdisk.jia.gov.ye,jia.gov.ye
webdisk.jthamararts.edu.ye,webdisk.jthamararts.edu.ye,jthamararts.edu.ye
webdisk.kam-alshebrycon.com.ye,webdisk.kam-alshebrycon.com.ye,kam-alshebrycon.com.ye
webdisk.lms.taiz.edu.ye,webdisk.lms.taiz.edu.ye,taiz.edu.ye
webdisk.ltaa.gov.ye,webdisk.ltaa.gov.ye,ltaa.gov.ye
webdisk.m-tam.com.ye,webdisk.m-tam.com.ye,m-tam.com.ye
webdisk.mafco.com.ye,webdisk.mafco.com.ye,mafco.com.ye
webdisk.marvelflts.com.ye,webdisk.marvelflts.com.ye,marvelflts.com.ye
webdisk.media.almasirah.net.ye,webdisk.media.almasirah.net.ye,almasirah.net.ye
webdisk.medicinepharma.com.ye,webdisk.medicinepharma.com.ye,medicinepharma.com.ye
webdisk.mof.gov.ye,webdisk.mof.gov.ye,mof.gov.ye
webdisk.mofa.gov.ye,webdisk.mofa.gov.ye,mofa.gov.ye
webdisk.molay.gov.ye,webdisk.molay.gov.ye,molay.gov.ye
webdisk.mom.gov.ye,webdisk.mom.gov.ye,mom.gov.ye
webdisk.mot.gov.ye,webdisk.mot.gov.ye,mot.gov.ye
webdisk.n-tfc-moh.gov.ye,webdisk.n-tfc-moh.gov.ye,n-tfc-moh.gov.ye
webdisk.nabdalseha.com.ye,webdisk.nabdalseha.com.ye,nabdalseha.com.ye
webdisk.nabdhalseha.com.ye,webdisk.nabdhalseha.com.ye,nabdhalseha.com.ye
webdisk.nakaz.com.ye,webdisk.nakaz.com.ye,nakaz.com.ye
webdisk.nby.com.ye,webdisk.nby.com.ye,nby.com.ye
webdisk.nbyyemen.com.ye,webdisk.nbyyemen.com.ye,nbyyemen.com.ye
webdisk.nccbds.gov.ye,webdisk.nccbds.gov.ye,nccbds.gov.ye
webdisk.ncgs.com.ye,webdisk.ncgs.com.ye,ncgs.com.ye
webdisk.newsite.yemen.net.ye,webdisk.newsite.yemen.net.ye,yemen.net.ye
webdisk.ngtech.com.ye,webdisk.ngtech.com.ye,ngtech.com.ye
webdisk.nic.gov.ye,webdisk.nic.gov.ye,nic.gov.ye
webdisk.nooralyemen.com.ye,webdisk.nooralyemen.com.ye,nooralyemen.com.ye
webdisk.ntfo.org.ye,webdisk.ntfo.org.ye,ntfo.org.ye
webdisk.nvdl.gov.ye,webdisk.nvdl.gov.ye,nvdl.gov.ye
webdisk.nymc.com.ye,webdisk.nymc.com.ye,nymc.com.ye
webdisk.onefamily.org.ye,webdisk.onefamily.org.ye,onefamily.org.ye
webdisk.pec.gov.ye,webdisk.pec.gov.ye,pec.gov.ye
webdisk.petronahad.com.ye,webdisk.petronahad.com.ye,petronahad.com.ye
webdisk.pgsf.org.ye,webdisk.pgsf.org.ye,pgsf.org.ye
webdisk.phpf.org.ye,webdisk.phpf.org.ye,phpf.org.ye
webdisk.qasu.edu.ye,webdisk.qasu.edu.ye,qasu.edu.ye
webdisk.qau.edu.ye,webdisk.qau.edu.ye,qau.edu.ye
webdisk.rashadbohair.com.ye,webdisk.rashadbohair.com.ye,rashadbohair.com.ye
webdisk.rec.smeps.org.ye,webdisk.rec.smeps.org.ye,smeps.org.ye
webdisk.repository.alraziuni.edu.ye,webdisk.repository.alraziuni.edu.ye,alraziuni.edu.ye
webdisk.rp.ptc.gov.ye,webdisk.rp.ptc.gov.ye,ptc.gov.ye
webdisk.sa.seiyunu.edu.ye,webdisk.sa.seiyunu.edu.ye,seiyunu.edu.ye
webdisk.saada-uni.edu.ye,webdisk.saada-uni.edu.ye,saada-uni.edu.ye
webdisk.sabafon.com.ye,webdisk.sabafon.com.ye,sabafon.com.ye
webdisk.sacha.com.ye,webdisk.sacha.com.ye,sacha.com.ye
webdisk.saffari.com.ye,webdisk.saffari.com.ye,saffari.com.ye
webdisk.sawa.com.ye,webdisk.sawa.com.ye,sawa.com.ye
webdisk.sawafirst.com.ye,webdisk.sawafirst.com.ye,sawafirst.com.ye
webdisk.sbco.com.ye,webdisk.sbco.com.ye,sbco.com.ye
webdisk.scer.gov.ye,webdisk.scer.gov.ye,scer.gov.ye
webdisk.seiyunu.edu.ye,webdisk.seiyunu.edu.ye,seiyunu.edu.ye
webdisk.shoora.gov.ye,webdisk.shoora.gov.ye,shoora.gov.ye
webdisk.smartgate.edu.ye,webdisk.smartgate.edu.ye,smartgate.edu.ye
webdisk.smartlift.com.ye,webdisk.smartlift.com.ye,smartlift.com.ye
webdisk.smc.gov.ye,webdisk.smc.gov.ye,smc.gov.ye
webdisk.smeps.org.ye,webdisk.smeps.org.ye,smeps.org.ye
webdisk.snacc.gov.ye,webdisk.snacc.gov.ye,snacc.gov.ye
webdisk.srs-mohe.gov.ye,webdisk.srs-mohe.gov.ye,srs-mohe.gov.ye
webdisk.su.edu.ye,webdisk.su.edu.ye,su.edu.ye
webdisk.suerp.gov.ye,webdisk.suerp.gov.ye,suerp.gov.ye
webdisk.techsci-experts.com.ye,webdisk.techsci-experts.com.ye,techsci-experts.com.ye
webdisk.tehama.com.ye,webdisk.tehama.com.ye,tehama.com.ye
webdisk.testcp.net.ye,webdisk.testcp.net.ye,testcp.net.ye
webdisk.titmag.net.ye,webdisk.titmag.net.ye,titmag.net.ye
webdisk.togetherpharma.com.ye,webdisk.togetherpharma.com.ye,togetherpharma.com.ye
webdisk.topresidency.gov.ye,webdisk.topresidency.gov.ye,topresidency.gov.ye
webdisk.tu.edu.ye,webdisk.tu.edu.ye,tu.edu.ye
webdisk.ufa.alraziuni.edu.ye,webdisk.ufa.alraziuni.edu.ye,alraziuni.edu.ye
webdisk.uqms.edu.ye,webdisk.uqms.edu.ye,uqms.edu.ye
webdisk.ust.edu.ye,webdisk.ust.edu.ye,ust.edu.ye
webdisk.usthyemen.com.ye,webdisk.usthyemen.com.ye,usthyemen.com.ye
webdisk.vindexyemen.com.ye,webdisk.vindexyemen.com.ye,vindexyemen.com.ye
webdisk.whf.org.ye,webdisk.whf.org.ye,whf.org.ye
webdisk.worldtrust.com.ye,webdisk.worldtrust.com.ye,worldtrust.com.ye
webdisk.y-fpd.org.ye,webdisk.y-fpd.org.ye,y-fpd.org.ye
webdisk.yeco.com.ye,webdisk.yeco.com.ye,yeco.com.ye
webdisk.yemen.net.ye,webdisk.yemen.net.ye,yemen.net.ye
webdisk.yemenacademy.edu.ye,webdisk.yemenacademy.edu.ye,yemenacademy.edu.ye
webdisk.yemenalmufaddal.com.ye,webdisk.yemenalmufaddal.com.ye,yemenalmufaddal.com.ye
webdisk.yemeneng.org.ye,webdisk.yemeneng.org.ye,yemeneng.org.ye
webdisk.yemenmobile.com.ye,webdisk.yemenmobile.com.ye,yemenmobile.com.ye
webdisk.yemennet.com.ye,webdisk.yemennet.com.ye,yemennet.com.ye
webdisk.yemenvision.gov.ye,webdisk.yemenvision.gov.ye,yemenvision.gov.ye
webdisk.ygsmrb.org.ye,webdisk.ygsmrb.org.ye,ygsmrb.org.ye
webdisk.yiig.gov.ye,webdisk.yiig.gov.ye,yiig.gov.ye
webdisk.yinor.com.ye,webdisk.yinor.com.ye,yinor.com.ye
webdisk.yms.gov.ye,webdisk.yms.gov.ye,yms.gov.ye
webdisk.zuhoorpharma.com.ye,webdisk.zuhoorpharma.com.ye,zuhoorpharma.com.ye
webmail.189.gov.ye,webmail.189.gov.ye,189.gov.ye
webmail.21umas.edu.ye,webmail.21umas.edu.ye,21umas.edu.ye
webmail.abofuad.com.ye,webmail.abofuad.com.ye,abofuad.com.ye
webmail.abomajed.com.ye,webmail.abomajed.com.ye,abomajed.com.ye
webmail.acf.gov.ye,webmail.acf.gov.ye,acf.gov.ye
webmail.acp.com.ye,webmail.acp.com.ye,acp.com.ye
webmail.acu.org.ye,webmail.acu.org.ye,acu.org.ye
webmail.aghhajjah.gov.ye,webmail.aghhajjah.gov.ye,aghhajjah.gov.ye
webmail.agoye.gov.ye,webmail.agoye.gov.ye,agoye.gov.ye
webmail.agriculture.gov.ye,webmail.agriculture.gov.ye,agriculture.gov.ye
webmail.ajnadeenpharma.com.ye,webmail.ajnadeenpharma.com.ye,ajnadeenpharma.com.ye
webmail.al-kaisfirm.com.ye,webmail.al-kaisfirm.com.ye,al-kaisfirm.com.ye
webmail.alafaq.edu.ye,webmail.alafaq.edu.ye,alafaq.edu.ye
webmail.alahlasi.com.ye,webmail.alahlasi.com.ye,alahlasi.com.ye
webmail.alahliawater.com.ye,webmail.alahliawater.com.ye,alahliawater.com.ye
webmail.alamjad.edu.ye,webmail.alamjad.edu.ye,alamjad.edu.ye
webmail.alaskari.net.ye,webmail.alaskari.net.ye,alaskari.net.ye
webmail.alataa.com.ye,webmail.alataa.com.ye,alataa.com.ye
webmail.albaidany.com.ye,webmail.albaidany.com.ye,albaidany.com.ye
webmail.albaydhahis.gov.ye,webmail.albaydhahis.gov.ye,albaydhahis.gov.ye
webmail.albayynat.net.ye,webmail.albayynat.net.ye,albayynat.net.ye
webmail.alenbehar.com.ye,webmail.alenbehar.com.ye,alenbehar.com.ye
webmail.alezzpharma.com.ye,webmail.alezzpharma.com.ye,alezzpharma.com.ye
webmail.alfaress.com.ye,webmail.alfaress.com.ye,alfaress.com.ye
webmail.algeni.com.ye,webmail.algeni.com.ye,algeni.com.ye
webmail.algossteel.com.ye,webmail.algossteel.com.ye,algossteel.com.ye
webmail.alhezmi.com.ye,webmail.alhezmi.com.ye,alhezmi.com.ye
webmail.alhubishicenter.com.ye,webmail.alhubishicenter.com.ye,alhubishicenter.com.ye
webmail.aljohn.com.ye,webmail.aljohn.com.ye,aljohn.com.ye
webmail.alkabsh.com.ye,webmail.alkabsh.com.ye,alkabsh.com.ye
webmail.alkantop.com.ye,webmail.alkantop.com.ye,alkantop.com.ye
webmail.almasirah.net.ye,webmail.almasirah.net.ye,almasirah.net.ye
webmail.alnamsapharma.com.ye,webmail.alnamsapharma.com.ye,alnamsapharma.com.ye
webmail.alnuzaily.edu.ye,webmail.alnuzaily.edu.ye,alnuzaily.edu.ye
webmail.alrayan-university.edu.ye,webmail.alrayan-university.edu.ye,alrayan-university.edu.ye
webmail.alraziuni.edu.ye,webmail.alraziuni.edu.ye,alraziuni.edu.ye
webmail.alrowaduni.edu.ye,webmail.alrowaduni.edu.ye,alrowaduni.edu.ye
webmail.alsaeeda.com.ye,webmail.alsaeeda.com.ye,alsaeeda.com.ye
webmail.alsewarri.com.ye,webmail.alsewarri.com.ye,alsewarri.com.ye
webmail.alsuraihigroup.com.ye,webmail.alsuraihigroup.com.ye,alsuraihigroup.com.ye
webmail.altamimigroup.com.ye,webmail.altamimigroup.com.ye,altamimigroup.com.ye
webmail.althawrati.edu.ye,webmail.althawrati.edu.ye,althawrati.edu.ye
webmail.altuhaifgroup.com.ye,webmail.altuhaifgroup.com.ye,altuhaifgroup.com.ye
webmail.aman.hospital.ye,webmail.aman.hospital.ye,aman.hospital.ye
webmail.amanaedu.gov.ye,webmail.amanaedu.gov.ye,amanaedu.gov.ye
webmail.amranhealth.gov.ye,webmail.amranhealth.gov.ye,amranhealth.gov.ye
webmail.ams.com.ye,webmail.ams.com.ye,ams.com.ye
webmail.amu.edu.ye,webmail.amu.edu.ye,amu.edu.ye
webmail.annajmplus.com.ye,webmail.annajmplus.com.ye,annajmplus.com.ye
webmail.annajmplus.ye,webmail.annajmplus.ye,annajmplus.ye
webmail.aqar.ye,webmail.aqar.ye,aqar.ye
webmail.arabfuturehorizn.com.ye,webmail.arabfuturehorizn.com.ye,arabfuturehorizn.com.ye
webmail.arrayamedical.com.ye,webmail.arrayamedical.com.ye,arrayamedical.com.ye
webmail.asffor.com.ye,webmail.asffor.com.ye,asffor.com.ye
webmail.askmonther.com.ye,webmail.askmonther.com.ye,askmonther.com.ye
webmail.ath.gov.ye,webmail.ath.gov.ye,ath.gov.ye
webmail.auc.com.ye,webmail.auc.com.ye,auc.com.ye
webmail.auy.edu.ye,webmail.auy.edu.ye,auy.edu.ye
webmail.awadhicorp.com.ye,webmail.awadhicorp.com.ye,awadhicorp.com.ye
webmail.axi-1.yemen.net.ye,webmail.axi-1.yemen.net.ye,yemen.net.ye
webmail.axiom.com.ye,webmail.axiom.com.ye,axiom.com.ye
webmail.barakishgroup.com.ye,webmail.barakishgroup.com.ye,barakishgroup.com.ye
webmail.bdic.gov.ye,webmail.bdic.gov.ye,bdic.gov.ye
webmail.belqees.org.ye,webmail.belqees.org.ye,belqees.org.ye
webmail.blueseas.com.ye,webmail.blueseas.com.ye,blueseas.com.ye
webmail.bravda.com.ye,webmail.bravda.com.ye,bravda.com.ye
webmail.bst.ye,webmail.bst.ye,bst.ye
webmail.cacislamic.com.ye,webmail.cacislamic.com.ye,cacislamic.com.ye
webmail.cama.gov.ye,webmail.cama.gov.ye,cama.gov.ye
webmail.capitalconsult.com.ye,webmail.capitalconsult.com.ye,capitalconsult.com.ye
webmail.ccabs.edu.ye,webmail.ccabs.edu.ye,ccabs.edu.ye
webmail.ccsanaa.com.ye,webmail.ccsanaa.com.ye,ccsanaa.com.ye
webmail.childrensplace.org.ye,webmail.childrensplace.org.ye,childrensplace.org.ye
webmail.clearparis.ye,webmail.clearparis.ye,clearparis.ye
webmail.crazzypark.com.ye,webmail.crazzypark.com.ye,crazzypark.com.ye
webmail.crowe.com.ye,webmail.crowe.com.ye,crowe.com.ye
webmail.csky.com.ye,webmail.csky.com.ye,csky.com.ye
webmail.cso.gov.ye,webmail.cso.gov.ye,cso.gov.ye
webmail.csswyemen.org.ye,webmail.csswyemen.org.ye,csswyemen.org.ye
webmail.daraldawas.com.ye,webmail.daraldawas.com.ye,daraldawas.com.ye
webmail.dcc.edu.ye,webmail.dcc.edu.ye,dcc.edu.ye
webmail.directory.ye,webmail.directory.ye,directory.ye
webmail.dprdp.com.ye,webmail.dprdp.com.ye,dprdp.com.ye
webmail.drmikhlafi-hc.com.ye,webmail.drmikhlafi-hc.com.ye,drmikhlafi-hc.com.ye
webmail.dunes.org.ye,webmail.dunes.org.ye,dunes.org.ye
webmail.e-learning-moe.edu.ye,webmail.e-learning-moe.edu.ye,e-learning-moe.edu.ye
webmail.ebtecarcadcam.com.ye,webmail.ebtecarcadcam.com.ye,ebtecarcadcam.com.ye
webmail.eesdsu.edu.ye,webmail.eesdsu.edu.ye,eesdsu.edu.ye
webmail.elearning.amanaedu.gov.ye,webmail.elearning.amanaedu.gov.ye,amanaedu.gov.ye
webmail.eng-su.edu.ye,webmail.eng-su.edu.ye,eng-su.edu.ye
webmail.english.almasirah.net.ye,webmail.english.almasirah.net.ye,almasirah.net.ye
webmail.eomnv.gov.ye,webmail.eomnv.gov.ye,eomnv.gov.ye
webmail.eskaan.com.ye,webmail.eskaan.com.ye,eskaan.com.ye
webmail.eswifi.com.ye,webmail.eswifi.com.ye,eswifi.com.ye
webmail.falcons.com.ye,webmail.falcons.com.ye,falcons.com.ye
webmail.fas-hust.edu.ye,webmail.fas-hust.edu.ye,fas-hust.edu.ye
webmail.fewtexglobal.com.ye,webmail.fewtexglobal.com.ye,fewtexglobal.com.ye
webmail.fewtexglobalcorp.com.ye,webmail.fewtexglobalcorp.com.ye,fewtexglobalcorp.com.ye
webmail.firstnovartic.com.ye,webmail.firstnovartic.com.ye,firstnovartic.com.ye
webmail.fiu.gov.ye,webmail.fiu.gov.ye,fiu.gov.ye
webmail.folderstech.com.ye,webmail.folderstech.com.ye,folderstech.com.ye
webmail.fortech.com.ye,webmail.fortech.com.ye,fortech.com.ye
webmail.fourseasons.com.ye,webmail.fourseasons.com.ye,fourseasons.com.ye
webmail.garninpharma.com.ye,webmail.garninpharma.com.ye,garninpharma.com.ye
webmail.gateway.com.ye,webmail.gateway.com.ye,gateway.com.ye
webmail.gbs.edu.ye,webmail.gbs.edu.ye,gbs.edu.ye
webmail.ghosanaa.gov.ye,webmail.ghosanaa.gov.ye,ghosanaa.gov.ye
webmail.gia.gov.ye,webmail.gia.gov.ye,gia.gov.ye
webmail.glowmarkip.com.ye,webmail.glowmarkip.com.ye,glowmarkip.com.ye
webmail.goam.gov.ye,webmail.goam.gov.ye,goam.gov.ye
webmail.goldengateyemen.com.ye,webmail.goldengateyemen.com.ye,goldengateyemen.com.ye
webmail.goldenhands.com.ye,webmail.goldenhands.com.ye,goldenhands.com.ye
webmail.goldenhawk.com.ye,webmail.goldenhawk.com.ye,goldenhawk.com.ye
webmail.goldstar.com.ye,webmail.goldstar.com.ye,goldstar.com.ye
webmail.greenyemen.com.ye,webmail.greenyemen.com.ye,greenyemen.com.ye
webmail.gsdo.org.ye,webmail.gsdo.org.ye,gsdo.org.ye
webmail.gti.edu.ye,webmail.gti.edu.ye,gti.edu.ye
webmail.gysco.com.ye,webmail.gysco.com.ye,gysco.com.ye
webmail.hajjahmla.gov.ye,webmail.hajjahmla.gov.ye,hajjahmla.gov.ye
webmail.hasti.gov.ye,webmail.hasti.gov.ye,hasti.gov.ye
webmail.hatco.com.ye,webmail.hatco.com.ye,hatco.com.ye
webmail.healthgeneration.com.ye,webmail.healthgeneration.com.ye,healthgeneration.com.ye
webmail.hikma.edu.ye,webmail.hikma.edu.ye,hikma.edu.ye
webmail.hmf.com.ye,webmail.hmf.com.ye,hmf.com.ye
webmail.hod.gov.ye,webmail.hod.gov.ye,hod.gov.ye
webmail.hoduniv.net.ye,webmail.hoduniv.net.ye,hoduniv.net.ye
webmail.host.net.ye,webmail.host.net.ye,host.net.ye
webmail.host.yemen.net.ye,webmail.host.yemen.net.ye,yemen.net.ye
webmail.htb.gov.ye,webmail.htb.gov.ye,htb.gov.ye
webmail.ibb-wslc.gov.ye,webmail.ibb-wslc.gov.ye,ibb-wslc.gov.ye
webmail.ibnalkadri.com.ye,webmail.ibnalkadri.com.ye,ibnalkadri.com.ye
webmail.ibs.edu.ye,webmail.ibs.edu.ye,ibs.edu.ye
webmail.idrees.com.ye,webmail.idrees.com.ye,idrees.com.ye
webmail.iff.org.ye,webmail.iff.org.ye,iff.org.ye
webmail.imu.edu.ye,webmail.imu.edu.ye,imu.edu.ye
webmail.iqos.com.ye,webmail.iqos.com.ye,iqos.com.ye
webmail.iqraa.edu.ye,webmail.iqraa.edu.ye,iqraa.edu.ye
webmail.isoc.org.ye,webmail.isoc.org.ye,isoc.org.ye
webmail.iutt.edu.ye,webmail.iutt.edu.ye,iutt.edu.ye
webmail.jannat.com.ye,webmail.jannat.com.ye,jannat.com.ye
webmail.jeelalresala.edu.ye,webmail.jeelalresala.edu.ye,jeelalresala.edu.ye
webmail.jia.gov.ye,webmail.jia.gov.ye,jia.gov.ye
webmail.jthamararts.edu.ye,webmail.jthamararts.edu.ye,jthamararts.edu.ye
webmail.kam-alshebrycon.com.ye,webmail.kam-alshebrycon.com.ye,kam-alshebrycon.com.ye
webmail.kaymu.com.ye,webmail.kaymu.com.ye,kaymu.com.ye
webmail.limkokwing.edu.ye,webmail.limkokwing.edu.ye,limkokwing.edu.ye
webmail.lms.taiz.edu.ye,webmail.lms.taiz.edu.ye,taiz.edu.ye
webmail.ltaa.gov.ye,webmail.ltaa.gov.ye,ltaa.gov.ye
webmail.m-tam.com.ye,webmail.m-tam.com.ye,m-tam.com.ye
webmail.mafco.com.ye,webmail.mafco.com.ye,mafco.com.ye
webmail.mailserver.smeps.org.ye,webmail.mailserver.smeps.org.ye,smeps.org.ye
webmail.majeedigroup.com.ye,webmail.majeedigroup.com.ye,majeedigroup.com.ye
webmail.manuscripts.gov.ye,webmail.manuscripts.gov.ye,manuscripts.gov.ye
webmail.marvelflts.com.ye,webmail.marvelflts.com.ye,marvelflts.com.ye
webmail.mayohospital.net.ye,webmail.mayohospital.net.ye,mayohospital.net.ye
webmail.media.almasirah.net.ye,webmail.media.almasirah.net.ye,almasirah.net.ye
webmail.medicinepharma.com.ye,webmail.medicinepharma.com.ye,medicinepharma.com.ye
webmail.mfw.gov.ye,webmail.mfw.gov.ye,mfw.gov.ye
webmail.microtech.net.ye,webmail.microtech.net.ye,microtech.net.ye
webmail.moayed.y.net.ye,webmail.moayed.y.net.ye,y.net.ye
webmail.mobileybrd.com.ye,webmail.mobileybrd.com.ye,mobileybrd.com.ye
webmail.mof.gov.ye,webmail.mof.gov.ye,mof.gov.ye
webmail.mofa.gov.ye,webmail.mofa.gov.ye,mofa.gov.ye
webmail.mohe.gov.ye,webmail.mohe.gov.ye,mohe.gov.ye
webmail.molay.gov.ye,webmail.molay.gov.ye,molay.gov.ye
webmail.mom.gov.ye,webmail.mom.gov.ye,mom.gov.ye
webmail.mot.gov.ye,webmail.mot.gov.ye,mot.gov.ye
webmail.mpic-aden.gov.ye,webmail.mpic-aden.gov.ye,mpic-aden.gov.ye
webmail.mq.com.ye,webmail.mq.com.ye,mq.com.ye
webmail.mtnapp.com.ye,webmail.mtnapp.com.ye,mtnapp.com.ye
webmail.n-tfc-moh.gov.ye,webmail.n-tfc-moh.gov.ye,n-tfc-moh.gov.ye
webmail.nabdalseha.com.ye,webmail.nabdalseha.com.ye,nabdalseha.com.ye
webmail.nabdhalseha.com.ye,webmail.nabdhalseha.com.ye,nabdhalseha.com.ye
webmail.najmalyemen.com.ye,webmail.najmalyemen.com.ye,najmalyemen.com.ye
webmail.nakaz.com.ye,webmail.nakaz.com.ye,nakaz.com.ye
webmail.nby.com.ye,webmail.nby.com.ye,nby.com.ye
webmail.nbyyemen.com.ye,webmail.nbyyemen.com.ye,nbyyemen.com.ye
webmail.nccbds.gov.ye,webmail.nccbds.gov.ye,nccbds.gov.ye
webmail.ncgs.com.ye,webmail.ncgs.com.ye,ncgs.com.ye
webmail.newsite.yemen.net.ye,webmail.newsite.yemen.net.ye,yemen.net.ye
webmail.ngtech.com.ye,webmail.ngtech.com.ye,ngtech.com.ye
webmail.nic.gov.ye,webmail.nic.gov.ye,nic.gov.ye
webmail.nip.gov.ye,webmail.nip.gov.ye,nip.gov.ye
webmail.nok.com.ye,webmail.nok.com.ye,nok.com.ye
webmail.nooralyemen.com.ye,webmail.nooralyemen.com.ye,nooralyemen.com.ye
webmail.ntfo.org.ye,webmail.ntfo.org.ye,ntfo.org.ye
webmail.nvdl.gov.ye,webmail.nvdl.gov.ye,nvdl.gov.ye
webmail.nymc.com.ye,webmail.nymc.com.ye,nymc.com.ye
webmail.olx.com.ye,webmail.olx.com.ye,olx.com.ye
webmail.onefamily.org.ye,webmail.onefamily.org.ye,onefamily.org.ye
webmail.osus.com.ye,webmail.osus.com.ye,osus.com.ye
webmail.pdn.net.ye,webmail.pdn.net.ye,pdn.net.ye
webmail.pec.gov.ye,webmail.pec.gov.ye,pec.gov.ye
webmail.petronahad.com.ye,webmail.petronahad.com.ye,petronahad.com.ye
webmail.petrosupply-og.com.ye,webmail.petrosupply-og.com.ye,petrosupply-og.com.ye
webmail.pfmod.ye,webmail.pfmod.ye,pfmod.ye
webmail.pgsf.org.ye,webmail.pgsf.org.ye,pgsf.org.ye
webmail.phpf.org.ye,webmail.phpf.org.ye,phpf.org.ye
webmail.platinum.com.ye,webmail.platinum.com.ye,platinum.com.ye
webmail.qapco.com.ye,webmail.qapco.com.ye,qapco.com.ye
webmail.qasu.edu.ye,webmail.qasu.edu.ye,qasu.edu.ye
webmail.qau.edu.ye,webmail.qau.edu.ye,qau.edu.ye
webmail.qau.ye,webmail.qau.ye,qau.ye
webmail.rashadbohair.com.ye,webmail.rashadbohair.com.ye,rashadbohair.com.ye
webmail.rashadbohair.ye,webmail.rashadbohair.ye,rashadbohair.ye
webmail.rec.smeps.org.ye,webmail.rec.smeps.org.ye,smeps.org.ye
webmail.redline.com.ye,webmail.redline.com.ye,redline.com.ye
webmail.repository.alraziuni.edu.ye,webmail.repository.alraziuni.edu.ye,alraziuni.edu.ye
webmail.richland.com.ye,webmail.richland.com.ye,richland.com.ye
webmail.righttec.com.ye,webmail.righttec.com.ye,righttec.com.ye
webmail.rimaz.com.ye,webmail.rimaz.com.ye,rimaz.com.ye
webmail.rp.ptc.gov.ye,webmail.rp.ptc.gov.ye,ptc.gov.ye
webmail.sa.seiyunu.edu.ye,webmail.sa.seiyunu.edu.ye,seiyunu.edu.ye
webmail.saada-uni.edu.ye,webmail.saada-uni.edu.ye,saada-uni.edu.ye
webmail.sabafon.com.ye,webmail.sabafon.com.ye,sabafon.com.ye
webmail.sacha.com.ye,webmail.sacha.com.ye,sacha.com.ye
webmail.saffari.com.ye,webmail.saffari.com.ye,saffari.com.ye
webmail.salamworld.com.ye,webmail.salamworld.com.ye,salamworld.com.ye
webmail.sama.com.ye,webmail.sama.com.ye,sama.com.ye
webmail.sary.com.ye,webmail.sary.com.ye,sary.com.ye
webmail.sawa.com.ye,webmail.sawa.com.ye,sawa.com.ye
webmail.sawafirst.com.ye,webmail.sawafirst.com.ye,sawafirst.com.ye
webmail.sbco.com.ye,webmail.sbco.com.ye,sbco.com.ye
webmail.scer.gov.ye,webmail.scer.gov.ye,scer.gov.ye
webmail.seiyunu.edu.ye,webmail.seiyunu.edu.ye,seiyunu.edu.ye
webmail.sensetrading.com.ye,webmail.sensetrading.com.ye,sensetrading.com.ye
webmail.shoora.gov.ye,webmail.shoora.gov.ye,shoora.gov.ye
webmail.smartgate.edu.ye,webmail.smartgate.edu.ye,smartgate.edu.ye
webmail.smartlift.com.ye,webmail.smartlift.com.ye,smartlift.com.ye
webmail.smc.gov.ye,webmail.smc.gov.ye,smc.gov.ye
webmail.smeps.org.ye,webmail.smeps.org.ye,smeps.org.ye
webmail.snacc.gov.ye,webmail.snacc.gov.ye,snacc.gov.ye
webmail.srs-mohe.gov.ye,webmail.srs-mohe.gov.ye,srs-mohe.gov.ye
webmail.stcotec.com.ye,webmail.stcotec.com.ye,stcotec.com.ye
webmail.su.edu.ye,webmail.su.edu.ye,su.edu.ye
webmail.suerp.gov.ye,webmail.suerp.gov.ye,suerp.gov.ye
webmail.taxltu.gov.ye,webmail.taxltu.gov.ye,taxltu.gov.ye
webmail.technohouse.com.ye,webmail.technohouse.com.ye,technohouse.com.ye
webmail.techsci-experts.com.ye,webmail.techsci-experts.com.ye,techsci-experts.com.ye
webmail.tehama.com.ye,webmail.tehama.com.ye,tehama.com.ye
webmail.testcp.net.ye,webmail.testcp.net.ye,testcp.net.ye
webmail.thabetson.com.ye,webmail.thabetson.com.ye,thabetson.com.ye
webmail.thci.edu.ye,webmail.thci.edu.ye,thci.edu.ye
webmail.thechildrensplace.com.ye,webmail.thechildrensplace.com.ye,thechildrensplace.com.ye
webmail.titmag.net.ye,webmail.titmag.net.ye,titmag.net.ye
webmail.togetherpharma.com.ye,webmail.togetherpharma.com.ye,togetherpharma.com.ye
webmail.topresidency.gov.ye,webmail.topresidency.gov.ye,topresidency.gov.ye
webmail.tourism.gov.ye,webmail.tourism.gov.ye,tourism.gov.ye
webmail.tr-sanaa.gov.ye,webmail.tr-sanaa.gov.ye,tr-sanaa.gov.ye
webmail.tu.edu.ye,webmail.tu.edu.ye,tu.edu.ye
webmail.ufa.alraziuni.edu.ye,webmail.ufa.alraziuni.edu.ye,alraziuni.edu.ye
webmail.uniship.com.ye,webmail.uniship.com.ye,uniship.com.ye
webmail.uqms.edu.ye,webmail.uqms.edu.ye,uqms.edu.ye
webmail.ust.edu.ye,webmail.ust.edu.ye,ust.edu.ye
webmail.usthyemen.com.ye,webmail.usthyemen.com.ye,usthyemen.com.ye
webmail.vastechnology.com.ye,webmail.vastechnology.com.ye,vastechnology.com.ye
webmail.vindexyemen.com.ye,webmail.vindexyemen.com.ye,vindexyemen.com.ye
webmail.whf.org.ye,webmail.whf.org.ye,whf.org.ye
webmail.worldtrust.com.ye,webmail.worldtrust.com.ye,worldtrust.com.ye
webmail.y-fpd.org.ye,webmail.y-fpd.org.ye,y-fpd.org.ye
webmail.yba.org.ye,webmail.yba.org.ye,yba.org.ye
webmail.ye.net.ye,webmail.ye.net.ye,ye.net.ye
webmail.yeco.com.ye,webmail.yeco.com.ye,yeco.com.ye
webmail.yemen-environment.gov.ye,webmail.yemen-environment.gov.ye,yemen-environment.gov.ye
webmail.yemen.net.ye,webmail.yemen.net.ye,yemen.net.ye
webmail.yemenacademy.edu.ye,webmail.yemenacademy.edu.ye,yemenacademy.edu.ye
webmail.yemenalmufaddal.com.ye,webmail.yemenalmufaddal.com.ye,yemenalmufaddal.com.ye
webmail.yemeneng.org.ye,webmail.yemeneng.org.ye,yemeneng.org.ye
webmail.yemenmarine.com.ye,webmail.yemenmarine.com.ye,yemenmarine.com.ye
webmail.yemenmobile.com.ye,webmail.yemenmobile.com.ye,yemenmobile.com.ye
webmail.yemennet.com.ye,webmail.yemennet.com.ye,yemennet.com.ye
webmail.yemenvision.gov.ye,webmail.yemenvision.gov.ye,yemenvision.gov.ye
webmail.yfsco.net.ye,webmail.yfsco.net.ye,yfsco.net.ye
webmail.ygsmrb.org.ye,webmail.ygsmrb.org.ye,ygsmrb.org.ye
webmail.yiig.gov.ye,webmail.yiig.gov.ye,yiig.gov.ye
webmail.yinor.com.ye,webmail.yinor.com.ye,yinor.com.ye
webmail.yjmhr.edu.ye,webmail.yjmhr.edu.ye,yjmhr.edu.ye
webmail.ykrdc.com.ye,webmail.ykrdc.com.ye,ykrdc.com.ye
webmail.ym-idc.gov.ye,webmail.ym-idc.gov.ye,ym-idc.gov.ye
webmail.ymobile.com.ye,webmail.ymobile.com.ye,ymobile.com.ye
webmail.yms.gov.ye,webmail.yms.gov.ye,yms.gov.ye
webmail.yogc.com.ye,webmail.yogc.com.ye,yogc.com.ye
webmail.zgos.com.ye,webmail.zgos.com.ye,zgos.com.ye
webmail.zlinkyemen.com.ye,webmail.zlinkyemen.com.ye,zlinkyemen.com.ye
webmail.zubayen.ye,webmail.zubayen.ye,zubayen.ye
webmail.zuhoorpharma.com.ye,webmail.zuhoorpharma.com.ye,zuhoorpharma.com.ye
wec.edu.ye,wec.edu.ye,wec.edu.ye
wecash.com.ye,wecash.com.ye,wecash.com.ye
wegos.com.ye,wegos.com.ye,wegos.com.ye
wempower.org.ye,wempower.org.ye,wempower.org.ye
wenet.ye,wenet.ye,wenet.ye
wfm-svr01.yemenmobile.com.ye,wfm-svr01.yemenmobile.com.ye,yemenmobile.com.ye
wfm.yemenmobile.com.ye,wfm.yemenmobile.com.ye,yemenmobile.com.ye
wfm01.yemenmobile.com.ye,wfm01.yemenmobile.com.ye,yemenmobile.com.ye
whf.org.ye,whf.org.ye,whf.org.ye
whitecloud.net.ye,whitecloud.net.ye,whitecloud.net.ye
whm.alraziuni.edu.ye,whm.alraziuni.edu.ye,alraziuni.edu.ye
whm.ibb-wslc.gov.ye,whm.ibb-wslc.gov.ye,ibb-wslc.gov.ye
whm.iqraa.edu.ye,whm.iqraa.edu.ye,iqraa.edu.ye
whm.mailserver.smeps.org.ye,whm.mailserver.smeps.org.ye,smeps.org.ye
whm.ufa.alraziuni.edu.ye,whm.ufa.alraziuni.edu.ye,alraziuni.edu.ye
whois-ote.y.net.ye,whois-ote.y.net.ye,y.net.ye
whois.nic.ye,whois.nic.ye,nic.ye
whois.y.net.ye,whois.y.net.ye,y.net.ye
whtapk.com.ye,whtapk.com.ye,whtapk.com.ye
widyan.com.ye,widyan.com.ye,widyan.com.ye
wifi.yemen.net.ye,wifi.yemen.net.ye,yemen.net.ye
wifiyemen.net.ye,wifiyemen.net.ye,wifiyemen.net.ye
wimax.yemen.net.ye,wimax.yemen.net.ye,yemen.net.ye
winhost4.yemen.net.ye,winhost4.yemen.net.ye,yemen.net.ye
winhost5.yemen.net.ye,winhost5.yemen.net.ye,yemen.net.ye
winhost7.yemen.net.ye,winhost7.yemen.net.ye,yemen.net.ye
wncyemen.com.ye,wncyemen.com.ye,wncyemen.com.ye
workflow.yemenmobile.com.ye,workflow.yemenmobile.com.ye,yemenmobile.com.ye
worldline.com.ye,worldline.com.ye,worldline.com.ye
worldtrust.com.ye,worldtrust.com.ye,worldtrust.com.ye
wseasshipping.com.ye,wseasshipping.com.ye,wseasshipping.com.ye
wsyessver.com.ye,wsyessver.com.ye,wsyessver.com.ye
www.13june-corp.com.ye,www.13june-corp.com.ye,13june-corp.com.ye
www.189.gov.ye,www.189.gov.ye,189.gov.ye
www.21umas.edu.ye,www.21umas.edu.ye,21umas.edu.ye
www.22may.hospital.ye,www.22may.hospital.ye,22may.hospital.ye
www.3d.com.ye,www.3d.com.ye,3d.com.ye
www.4dimensions.com.ye,www.4dimensions.com.ye,4dimensions.com.ye
www.abo-ragheb.com.ye,www.abo-ragheb.com.ye,abo-ragheb.com.ye
www.abofuad.com.ye,www.abofuad.com.ye,abofuad.com.ye
www.abojameel.com.ye,www.abojameel.com.ye,abojameel.com.ye
www.abomajed.com.ye,www.abomajed.com.ye,abomajed.com.ye
www.abpco.com.ye,www.abpco.com.ye,abpco.com.ye
www.abunabgroup.com.ye,www.abunabgroup.com.ye,abunabgroup.com.ye
www.abuyasser-bros.com.ye,www.abuyasser-bros.com.ye,abuyasser-bros.com.ye
www.academy.bonyan.org.ye,www.academy.bonyan.org.ye,bonyan.org.ye
www.acf.gov.ye,www.acf.gov.ye,acf.gov.ye
www.acu.org.ye,www.acu.org.ye,acu.org.ye
www.adqa.21umas.edu.ye,www.adqa.21umas.edu.ye,21umas.edu.ye
www.adro.org.ye,www.adro.org.ye,adro.org.ye
www.aeticc.com.ye,www.aeticc.com.ye,aeticc.com.ye
www.afy.gov.ye,www.afy.gov.ye,afy.gov.ye
www.aghhajjah.gov.ye,www.aghhajjah.gov.ye,aghhajjah.gov.ye
www.agoye.gov.ye,www.agoye.gov.ye,agoye.gov.ye
www.agriculturalguide.com.ye,www.agriculturalguide.com.ye,agriculturalguide.com.ye
www.agriculture.gov.ye,www.agriculture.gov.ye,agriculture.gov.ye
www.ahgaff.com.ye,www.ahgaff.com.ye,ahgaff.com.ye
www.ahm.com.ye,www.ahm.com.ye,ahm.com.ye
www.airtransport.gov.ye,www.airtransport.gov.ye,airtransport.gov.ye
www.ajnadeenpharma.com.ye,www.ajnadeenpharma.com.ye,ajnadeenpharma.com.ye
www.akram.hoduniv.net.ye,www.akram.hoduniv.net.ye,hoduniv.net.ye
www.al-andalos.com.ye,www.al-andalos.com.ye,al-andalos.com.ye
www.al-kaisfirm.com.ye,www.al-kaisfirm.com.ye,al-kaisfirm.com.ye
www.al-mutameizahe.com.ye,www.al-mutameizahe.com.ye,al-mutameizahe.com.ye
www.alafaq.edu.ye,www.alafaq.edu.ye,alafaq.edu.ye
www.alahlasi.com.ye,www.alahlasi.com.ye,alahlasi.com.ye
www.alahliawater.com.ye,www.alahliawater.com.ye,alahliawater.com.ye
www.alahlyahpharma.com.ye,www.alahlyahpharma.com.ye,alahlyahpharma.com.ye
www.alamjad.edu.ye,www.alamjad.edu.ye,alamjad.edu.ye
www.alarabiagroup.com.ye,www.alarabiagroup.com.ye,alarabiagroup.com.ye
www.alaskari.com.ye,www.alaskari.com.ye,alaskari.com.ye
www.alaskari.net.ye,www.alaskari.net.ye,alaskari.net.ye
www.alataa.com.ye,www.alataa.com.ye,alataa.com.ye
www.alataamedical.com.ye,www.alataamedical.com.ye,alataamedical.com.ye
www.alatta.org.ye,www.alatta.org.ye,alatta.org.ye
www.alayzour-store.net.ye,www.alayzour-store.net.ye,alayzour-store.net.ye
www.albaidany.com.ye,www.albaidany.com.ye,albaidany.com.ye
www.albarakacenter.com.ye,www.albarakacenter.com.ye,albarakacenter.com.ye
www.albaydhahis.gov.ye,www.albaydhahis.gov.ye,albaydhahis.gov.ye
www.albayyinat.net.ye,www.albayyinat.net.ye,albayyinat.net.ye
www.albayynat.net.ye,www.albayynat.net.ye,albayynat.net.ye
www.alcomobile.com.ye,www.alcomobile.com.ye,alcomobile.com.ye
www.aldhurasi-est.com.ye,www.aldhurasi-est.com.ye,aldhurasi-est.com.ye
www.alenbehar.com.ye,www.alenbehar.com.ye,alenbehar.com.ye
www.alezzpharma.com.ye,www.alezzpharma.com.ye,alezzpharma.com.ye
www.alfahadsecurity.com.ye,www.alfahadsecurity.com.ye,alfahadsecurity.com.ye
www.alfanar.com.ye,www.alfanar.com.ye,alfanar.com.ye
www.alfaress.com.ye,www.alfaress.com.ye,alfaress.com.ye
www.alforatyemen.com.ye,www.alforatyemen.com.ye,alforatyemen.com.ye
www.algossteel.com.ye,www.algossteel.com.ye,algossteel.com.ye
www.alhadatha.com.ye,www.alhadatha.com.ye,alhadatha.com.ye
www.alhezmi.com.ye,www.alhezmi.com.ye,alhezmi.com.ye
www.alhubishicenter.com.ye,www.alhubishicenter.com.ye,alhubishicenter.com.ye
www.aljawf.gov.ye,www.aljawf.gov.ye,aljawf.gov.ye
www.aljazeeraibb.edu.ye,www.aljazeeraibb.edu.ye,aljazeeraibb.edu.ye
www.aljohn.com.ye,www.aljohn.com.ye,aljohn.com.ye
www.aljowf-friends.org.ye,www.aljowf-friends.org.ye,aljowf-friends.org.ye
www.alkabsh.com.ye,www.alkabsh.com.ye,alkabsh.com.ye
www.alkantop.com.ye,www.alkantop.com.ye,alkantop.com.ye
www.alkboos.com.ye,www.alkboos.com.ye,alkboos.com.ye
www.alkirshi.com.ye,www.alkirshi.com.ye,alkirshi.com.ye
www.almasirah.net.ye,www.almasirah.net.ye,almasirah.net.ye
www.almutakamila.ye,www.almutakamila.ye,almutakamila.ye
www.alnahdah.org.ye,www.alnahdah.org.ye,alnahdah.org.ye
www.alnamsapharma.com.ye,www.alnamsapharma.com.ye,alnamsapharma.com.ye
www.alnasserdf.org.ye,www.alnasserdf.org.ye,alnasserdf.org.ye
www.alnazihpharma.com.ye,www.alnazihpharma.com.ye,alnazihpharma.com.ye
www.alnuzaily.edu.ye,www.alnuzaily.edu.ye,alnuzaily.edu.ye
www.alothaib.com.ye,www.alothaib.com.ye,alothaib.com.ye
www.alquranalkareem.ye,www.alquranalkareem.ye,alquranalkareem.ye
www.alrayan-university.edu.ye,www.alrayan-university.edu.ye,alrayan-university.edu.ye
www.alraziuni.edu.ye,www.alraziuni.edu.ye,alraziuni.edu.ye
www.alrehab.com.ye,www.alrehab.com.ye,alrehab.com.ye
www.alrowaduni.edu.ye,www.alrowaduni.edu.ye,alrowaduni.edu.ye
www.alsaeeda.com.ye,www.alsaeeda.com.ye,alsaeeda.com.ye
www.alsahattv.net.ye,www.alsahattv.net.ye,alsahattv.net.ye
www.alsalehssfd.org.ye,www.alsalehssfd.org.ye,alsalehssfd.org.ye
www.alsalehuni.edu.ye,www.alsalehuni.edu.ye,alsalehuni.edu.ye
www.alsewarri.com.ye,www.alsewarri.com.ye,alsewarri.com.ye
www.alsuraihigroup.com.ye,www.alsuraihigroup.com.ye,alsuraihigroup.com.ye
www.altaf.org.ye,www.altaf.org.ye,altaf.org.ye
www.altamimigroup.com.ye,www.altamimigroup.com.ye,altamimigroup.com.ye
www.althawrati.edu.ye,www.althawrati.edu.ye,althawrati.edu.ye
www.altuhaifgroup.com.ye,www.altuhaifgroup.com.ye,altuhaifgroup.com.ye
www.alumni.alraziuni.edu.ye,www.alumni.alraziuni.edu.ye,alraziuni.edu.ye
www.alumni.qau.edu.ye,www.alumni.qau.edu.ye,qau.edu.ye
www.alwahashy.com.ye,www.alwahashy.com.ye,alwahashy.com.ye
www.alyousef.com.ye,www.alyousef.com.ye,alyousef.com.ye
www.alzubaidi.net.ye,www.alzubaidi.net.ye,alzubaidi.net.ye
www.alzubairiaa.com.ye,www.alzubairiaa.com.ye,alzubairiaa.com.ye
www.amadeus.com.ye,www.amadeus.com.ye,amadeus.com.ye
www.aman.hospital.ye,www.aman.hospital.ye,aman.hospital.ye
www.amanaedu.gov.ye,www.amanaedu.gov.ye,amanaedu.gov.ye
www.amlcft.gov.ye,www.amlcft.gov.ye,amlcft.gov.ye
www.amranhealth.gov.ye,www.amranhealth.gov.ye,amranhealth.gov.ye
www.ams.com.ye,www.ams.com.ye,ams.com.ye
www.amu.edu.ye,www.amu.edu.ye,amu.edu.ye
www.annajmplus.annajmplus.com.ye,www.annajmplus.annajmplus.com.ye,annajmplus.com.ye
www.annajmplus.com.ye,www.annajmplus.com.ye,annajmplus.com.ye
www.ansarollah.com.ye,www.ansarollah.com.ye,ansarollah.com.ye
www.anwar.com.ye,www.anwar.com.ye,anwar.com.ye
www.aoman.com.ye,www.aoman.com.ye,aoman.com.ye
www.apcra.srs-mohe.gov.ye,www.apcra.srs-mohe.gov.ye,srs-mohe.gov.ye
www.api.21umas.edu.ye,www.api.21umas.edu.ye,21umas.edu.ye
www.app-test.smartgate.edu.ye,www.app-test.smartgate.edu.ye,smartgate.edu.ye
www.ar.yemen.net.ye,www.ar.yemen.net.ye,yemen.net.ye
www.arab-expert.com.ye,www.arab-expert.com.ye,arab-expert.com.ye
www.arabfuturehorizn.com.ye,www.arabfuturehorizn.com.ye,arabfuturehorizn.com.ye
www.arafat2.y-fpd.org.ye,www.arafat2.y-fpd.org.ye,y-fpd.org.ye
www.ardnit.com.ye,www.ardnit.com.ye,ardnit.com.ye
www.area.gov.ye,www.area.gov.ye,area.gov.ye
www.arg.hoduniv.net.ye,www.arg.hoduniv.net.ye,hoduniv.net.ye
www.arrayamedical.com.ye,www.arrayamedical.com.ye,arrayamedical.com.ye
www.art.hoduniv.net.ye,www.art.hoduniv.net.ye,hoduniv.net.ye
www.asa.com.ye,www.asa.com.ye,asa.com.ye
www.asffor.com.ye,www.asffor.com.ye,asffor.com.ye
www.askmonther.com.ye,www.askmonther.com.ye,askmonther.com.ye
www.ath.gov.ye,www.ath.gov.ye,ath.gov.ye
www.attabco.com.ye,www.attabco.com.ye,attabco.com.ye
www.atwar.com.ye,www.atwar.com.ye,atwar.com.ye
www.au.edu.ye,www.au.edu.ye,au.edu.ye
www.auc.com.ye,www.auc.com.ye,auc.com.ye
www.auhd.edu.ye,www.auhd.edu.ye,auhd.edu.ye
www.aust.uni.ye,www.aust.uni.ye,aust.uni.ye
www.authmohe.gov.ye,www.authmohe.gov.ye,authmohe.gov.ye
www.auy.edu.ye,www.auy.edu.ye,auy.edu.ye
www.awadhicorp.com.ye,www.awadhicorp.com.ye,awadhicorp.com.ye
www.awalnet.net.ye,www.awalnet.net.ye,awalnet.net.ye
www.axi-1.yemen.net.ye,www.axi-1.yemen.net.ye,yemen.net.ye
www.axiom.com.ye,www.axiom.com.ye,axiom.com.ye
www.ayma.com.ye,www.ayma.com.ye,ayma.com.ye
www.azal.edu.ye,www.azal.edu.ye,azal.edu.ye
www.azka.com.ye,www.azka.com.ye,azka.com.ye
www.azzanpharma.com.ye,www.azzanpharma.com.ye,azzanpharma.com.ye
www.badeeb.com.ye,www.badeeb.com.ye,badeeb.com.ye
www.bahaj.com.ye,www.bahaj.com.ye,bahaj.com.ye
www.barakishgroup.com.ye,www.barakishgroup.com.ye,barakishgroup.com.ye
www.bashacomputer.com.ye,www.bashacomputer.com.ye,bashacomputer.com.ye
www.bdh.edu.ye,www.bdh.edu.ye,bdh.edu.ye
www.bdic.gov.ye,www.bdic.gov.ye,bdic.gov.ye
www.beep.edu.ye,www.beep.edu.ye,beep.edu.ye
www.belqees.org.ye,www.belqees.org.ye,belqees.org.ye
www.belqeescollege.edu.ye,www.belqeescollege.edu.ye,belqeescollege.edu.ye
www.bg.com.ye,www.bg.com.ye,bg.com.ye
www.bl.alahliawater.com.ye,www.bl.alahliawater.com.ye,alahliawater.com.ye
www.blueseas.com.ye,www.blueseas.com.ye,blueseas.com.ye
www.blum.ye,www.blum.ye,blum.ye
www.bonyan.edu.ye,www.bonyan.edu.ye,bonyan.edu.ye
www.bonyan.org.ye,www.bonyan.org.ye,bonyan.org.ye
www.bordersoffice.gov.ye,www.bordersoffice.gov.ye,bordersoffice.gov.ye
www.bosch.com.ye,www.bosch.com.ye,bosch.com.ye
www.brandtech.com.ye,www.brandtech.com.ye,brandtech.com.ye
www.britishembassy.yemen.com.ye,www.britishembassy.yemen.com.ye,yemen.com.ye
www.bstc.com.ye,www.bstc.com.ye,bstc.com.ye
www.business.iutt.edu.ye,www.business.iutt.edu.ye,iutt.edu.ye
www.cacbank.com.ye,www.cacbank.com.ye,cacbank.com.ye
www.cacislamic.com.ye,www.cacislamic.com.ye,cacislamic.com.ye
www.cacit.com.ye,www.cacit.com.ye,cacit.com.ye
www.calibers.com.ye,www.calibers.com.ye,calibers.com.ye
www.cama.gov.ye,www.cama.gov.ye,cama.gov.ye
www.camanew.cama.gov.ye,www.camanew.cama.gov.ye,cama.gov.ye
www.capitalconsult.com.ye,www.capitalconsult.com.ye,capitalconsult.com.ye
www.capitalsanaa.gov.ye,www.capitalsanaa.gov.ye,capitalsanaa.gov.ye
www.cappo.gov.ye,www.cappo.gov.ye,cappo.gov.ye
www.caqa.gov.ye,www.caqa.gov.ye,caqa.gov.ye
www.cash.com.ye,www.cash.com.ye,cash.com.ye
www.ccabs.edu.ye,www.ccabs.edu.ye,ccabs.edu.ye
www.ccsanaa.com.ye,www.ccsanaa.com.ye,ccsanaa.com.ye
www.cdu.gov.ye,www.cdu.gov.ye,cdu.gov.ye
www.centralbank.gov.ye,www.centralbank.gov.ye,centralbank.gov.ye
www.chicco.com.ye,www.chicco.com.ye,chicco.com.ye
www.ciit.com.ye,www.ciit.com.ye,ciit.com.ye
www.cit.alraziuni.edu.ye,www.cit.alraziuni.edu.ye,alraziuni.edu.ye
www.citc.21umas.edu.ye,www.citc.21umas.edu.ye,21umas.edu.ye
www.cleaningfund.gov.ye,www.cleaningfund.gov.ye,cleaningfund.gov.ye
www.clearparis.ye,www.clearparis.ye,clearparis.ye
www.coca.gov.ye,www.coca.gov.ye,coca.gov.ye
www.codeit.ye,www.codeit.ye,codeit.ye
www.comp.ltaa.gov.ye,www.comp.ltaa.gov.ye,ltaa.gov.ye
www.computer.iutt.edu.ye,www.computer.iutt.edu.ye,iutt.edu.ye
www.comtc.mof.gov.ye,www.comtc.mof.gov.ye,mof.gov.ye
www.conf1.hoduni.hoduniv.net.ye,www.conf1.hoduni.hoduniv.net.ye,hoduniv.net.ye
www.conf1.hoduniv.net.ye,www.conf1.hoduniv.net.ye,hoduniv.net.ye
www.content.crowe.com.ye,www.content.crowe.com.ye,crowe.com.ye
www.cphost.yemen.net.ye,www.cphost.yemen.net.ye,yemen.net.ye
www.cphost2.yemen.net.ye,www.cphost2.yemen.net.ye,yemen.net.ye
www.cpunix.yemen.net.ye,www.cpunix.yemen.net.ye,yemen.net.ye
www.cra.gov.ye,www.cra.gov.ye,cra.gov.ye
www.crazzypark.com.ye,www.crazzypark.com.ye,crazzypark.com.ye
www.crm.crowe.com.ye,www.crm.crowe.com.ye,crowe.com.ye
www.crowe.com.ye,www.crowe.com.ye,crowe.com.ye
www.csae.hoduniv.net.ye,www.csae.hoduniv.net.ye,hoduniv.net.ye
www.cso.gov.ye,www.cso.gov.ye,cso.gov.ye
www.cssw.org.ye,www.cssw.org.ye,cssw.org.ye
www.csswyemen.org.ye,www.csswyemen.org.ye,csswyemen.org.ye
www.cul.hoduniv.net.ye,www.cul.hoduniv.net.ye,hoduniv.net.ye
www.customs.gov.ye,www.customs.gov.ye,customs.gov.ye
www.dadiah.com.ye,www.dadiah.com.ye,dadiah.com.ye
www.daraldawas.com.ye,www.daraldawas.com.ye,daraldawas.com.ye
www.darsys.srs-mohe.gov.ye,www.darsys.srs-mohe.gov.ye,srs-mohe.gov.ye
www.dasweltauto.com.ye,www.dasweltauto.com.ye,dasweltauto.com.ye
www.dawa.org.ye,www.dawa.org.ye,dawa.org.ye
www.deltagrp.com.ye,www.deltagrp.com.ye,deltagrp.com.ye
www.demag.com.ye,www.demag.com.ye,demag.com.ye
www.demo.nooralyemen.com.ye,www.demo.nooralyemen.com.ye,nooralyemen.com.ye
www.den.hoduniv.net.ye,www.den.hoduniv.net.ye,hoduniv.net.ye
www.denkpharma.ye,www.denkpharma.ye,denkpharma.ye
www.dentistry.alraziuni.edu.ye,www.dentistry.alraziuni.edu.ye,alraziuni.edu.ye
www.developerdemo.ye,www.developerdemo.ye,developerdemo.ye
www.dh.gov.ye,www.dh.gov.ye,dh.gov.ye
www.dhamarnet.com.ye,www.dhamarnet.com.ye,dhamarnet.com.ye
www.dhamran.com.ye,www.dhamran.com.ye,dhamran.com.ye
www.dhl-exel.com.ye,www.dhl-exel.com.ye,dhl-exel.com.ye
www.dhl.com.ye,www.dhl.com.ye,dhl.com.ye
www.dhlexel.com.ye,www.dhlexel.com.ye,dhlexel.com.ye
www.directory.ye,www.directory.ye,directory.ye
www.dnb.com.ye,www.dnb.com.ye,dnb.com.ye
www.dnoyemen.com.ye,www.dnoyemen.com.ye,dnoyemen.com.ye
www.dovecpf53.com.ye,www.dovecpf53.com.ye,dovecpf53.com.ye
www.doveyemen.com.ye,www.doveyemen.com.ye,doveyemen.com.ye
www.dprdp.com.ye,www.dprdp.com.ye,dprdp.com.ye
www.drmikhlafi-hc.com.ye,www.drmikhlafi-hc.com.ye,drmikhlafi-hc.com.ye
www.dsca.org.ye,www.dsca.org.ye,dsca.org.ye
www.dsiye.srs-mohe.gov.ye,www.dsiye.srs-mohe.gov.ye,srs-mohe.gov.ye
www.dsu.edu.ye,www.dsu.edu.ye,dsu.edu.ye
www.dsuye.srs-mohe.gov.ye,www.dsuye.srs-mohe.gov.ye,srs-mohe.gov.ye
www.dsuyecom.srs-mohe.gov.ye,www.dsuyecom.srs-mohe.gov.ye,srs-mohe.gov.ye
www.dsuyeeducation.srs-mohe.gov.ye,www.dsuyeeducation.srs-mohe.gov.ye,srs-mohe.gov.ye
www.dubaitoys.com.ye,www.dubaitoys.com.ye,dubaitoys.com.ye
www.dunes.org.ye,www.dunes.org.ye,dunes.org.ye
www.e-bill.post.ye,www.e-bill.post.ye,post.ye
www.e-learn.qasu.edu.ye,www.e-learn.qasu.edu.ye,qasu.edu.ye
www.e-learning-moe.edu.ye,www.e-learning-moe.edu.ye,e-learning-moe.edu.ye
www.e-learning.iqraa.edu.ye,www.e-learning.iqraa.edu.ye,iqraa.edu.ye
www.e-rial.post.ye,www.e-rial.post.ye,post.ye
www.e-school-y.com.ye,www.e-school-y.com.ye,e-school-y.com.ye
www.e.moodle.iqraa.edu.ye,www.e.moodle.iqraa.edu.ye,iqraa.edu.ye
www.eaglehotel.com.ye,www.eaglehotel.com.ye,eaglehotel.com.ye
www.easylink.com.ye,www.easylink.com.ye,easylink.com.ye
www.ebpp.yemensadad.net.ye,www.ebpp.yemensadad.net.ye,yemensadad.net.ye
www.ebtecarcadcam.com.ye,www.ebtecarcadcam.com.ye,ebtecarcadcam.com.ye
www.ecc.ye,www.ecc.ye,ecc.ye
www.eco.hoduniv.net.ye,www.eco.hoduniv.net.ye,hoduniv.net.ye
www.edu.hoduniv.net.ye,www.edu.hoduniv.net.ye,hoduniv.net.ye
www.edub.hoduniv.net.ye,www.edub.hoduniv.net.ye,hoduniv.net.ye
www.edur.hoduniv.net.ye,www.edur.hoduniv.net.ye,hoduniv.net.ye
www.edusys.iutt.edu.ye,www.edusys.iutt.edu.ye,iutt.edu.ye
www.eduz.hoduniv.net.ye,www.eduz.hoduniv.net.ye,hoduniv.net.ye
www.eesdsu.edu.ye,www.eesdsu.edu.ye,eesdsu.edu.ye
www.elearning.amanaedu.gov.ye,www.elearning.amanaedu.gov.ye,amanaedu.gov.ye
www.elearning.iqraa.edu.ye,www.elearning.iqraa.edu.ye,iqraa.edu.ye
www.elearning.qau.edu.ye,www.elearning.qau.edu.ye,qau.edu.ye
www.elearning2.iqraa.edu.ye,www.elearning2.iqraa.edu.ye,iqraa.edu.ye
www.elections.gov.ye,www.elections.gov.ye,elections.gov.ye
www.elib.iutt.edu.ye,www.elib.iutt.edu.ye,iutt.edu.ye
www.elms.iutt.edu.ye,www.elms.iutt.edu.ye,iutt.edu.ye
www.elvaroot.agoye.gov.ye,www.elvaroot.agoye.gov.ye,agoye.gov.ye
www.eman-univ.edu.ye,www.eman-univ.edu.ye,eman-univ.edu.ye
www.en.yemen.net.ye,www.en.yemen.net.ye,yemen.net.ye
www.en.ygsmrb.org.ye,www.en.ygsmrb.org.ye,ygsmrb.org.ye
www.eng-su.edu.ye,www.eng-su.edu.ye,eng-su.edu.ye
www.eng.hoduniv.net.ye,www.eng.hoduniv.net.ye,hoduniv.net.ye
www.engineering.iutt.edu.ye,www.engineering.iutt.edu.ye,iutt.edu.ye
www.english.almasirah.net.ye,www.english.almasirah.net.ye,almasirah.net.ye
www.eomnv.gov.ye,www.eomnv.gov.ye,eomnv.gov.ye
www.erp.bonyan.org.ye,www.erp.bonyan.org.ye,bonyan.org.ye
www.erp.eomnv.gov.ye,www.erp.eomnv.gov.ye,eomnv.gov.ye
www.erp.qau.edu.ye,www.erp.qau.edu.ye,qau.edu.ye
www.erppro.gia.gov.ye,www.erppro.gia.gov.ye,gia.gov.ye
www.erpv.eomnv.gov.ye,www.erpv.eomnv.gov.ye,eomnv.gov.ye
www.eskaan.com.ye,www.eskaan.com.ye,eskaan.com.ye
www.esrdn.srs-mohe.gov.ye,www.esrdn.srs-mohe.gov.ye,srs-mohe.gov.ye
www.eswifi.com.ye,www.eswifi.com.ye,eswifi.com.ye
www.example.testcp.net.ye,www.example.testcp.net.ye,testcp.net.ye
www.excellent.com.ye,www.excellent.com.ye,excellent.com.ye
www.faculity.seiyunu.edu.ye,www.faculity.seiyunu.edu.ye,seiyunu.edu.ye
www.falak.com.ye,www.falak.com.ye,falak.com.ye
www.falcons.com.ye,www.falcons.com.ye,falcons.com.ye
www.fas-hust.edu.ye,www.fas-hust.edu.ye,fas-hust.edu.ye
www.fastcar.com.ye,www.fastcar.com.ye,fastcar.com.ye
www.fewtexglobal.com.ye,www.fewtexglobal.com.ye,fewtexglobal.com.ye
www.fewtexglobalcorp.com.ye,www.fewtexglobalcorp.com.ye,fewtexglobalcorp.com.ye
www.fi.mof.gov.ye,www.fi.mof.gov.ye,mof.gov.ye
www.firstnovartic.com.ye,www.firstnovartic.com.ye,firstnovartic.com.ye
www.fiu.gov.ye,www.fiu.gov.ye,fiu.gov.ye
www.fleetcart.cama.gov.ye,www.fleetcart.cama.gov.ye,cama.gov.ye
www.folderstech.com.ye,www.folderstech.com.ye,folderstech.com.ye
www.forms.cacinsurance.com.ye,www.forms.cacinsurance.com.ye,cacinsurance.com.ye
www.fortech.com.ye,www.fortech.com.ye,fortech.com.ye
www.fourseasons.com.ye,www.fourseasons.com.ye,fourseasons.com.ye
www.france-ph.com.ye,www.france-ph.com.ye,france-ph.com.ye
www.frisd.srs-mohe.gov.ye,www.frisd.srs-mohe.gov.ye,srs-mohe.gov.ye
www.fuchsoil.com.ye,www.fuchsoil.com.ye,fuchsoil.com.ye
www.fuchsoilyemen.com.ye,www.fuchsoilyemen.com.ye,fuchsoilyemen.com.ye
www.fujifilm.com.ye,www.fujifilm.com.ye,fujifilm.com.ye
www.fulltech.com.ye,www.fulltech.com.ye,fulltech.com.ye
www.futurecomputer.com.ye,www.futurecomputer.com.ye,futurecomputer.com.ye
www.futureenergy.com.ye,www.futureenergy.com.ye,futureenergy.com.ye
www.fuy.edu.ye,www.fuy.edu.ye,fuy.edu.ye
www.galsup.gov.ye,www.galsup.gov.ye,galsup.gov.ye
www.garninpharma.com.ye,www.garninpharma.com.ye,garninpharma.com.ye
www.garwsp-eu.gov.ye,www.garwsp-eu.gov.ye,garwsp-eu.gov.ye
www.garwsp.gov.ye,www.garwsp.gov.ye,garwsp.gov.ye
www.garwsp.org.ye,www.garwsp.org.ye,garwsp.org.ye
www.gasspy.gov.ye,www.gasspy.gov.ye,gasspy.gov.ye
www.gateway.com.ye,www.gateway.com.ye,gateway.com.ye
www.gbs.edu.ye,www.gbs.edu.ye,gbs.edu.ye
www.gcnic.com.ye,www.gcnic.com.ye,gcnic.com.ye
www.german-resources-company.srs-mohe.gov.ye,www.german-resources-company.srs-mohe.gov.ye,srs-mohe.gov.ye
www.ghars.org.ye,www.ghars.org.ye,ghars.org.ye
www.ghg.ye,www.ghg.ye,ghg.ye
www.ghosanaa.gov.ye,www.ghosanaa.gov.ye,ghosanaa.gov.ye
www.gia.gov.ye,www.gia.gov.ye,gia.gov.ye
www.giay.gov.ye,www.giay.gov.ye,giay.gov.ye
www.gmghaden.com.ye,www.gmghaden.com.ye,gmghaden.com.ye
www.goam.gov.ye,www.goam.gov.ye,goam.gov.ye
www.goldengateyemen.com.ye,www.goldengateyemen.com.ye,goldengateyemen.com.ye
www.goldenhands.com.ye,www.goldenhands.com.ye,goldenhands.com.ye
www.goldenhawk.com.ye,www.goldenhawk.com.ye,goldenhawk.com.ye
www.goldenhouse.com.ye,www.goldenhouse.com.ye,goldenhouse.com.ye
www.goldstar.com.ye,www.goldstar.com.ye,goldstar.com.ye
www.gpc.org.ye,www.gpc.org.ye,gpc.org.ye
www.grainunion.ye,www.grainunion.ye,grainunion.ye
www.granada.com.ye,www.granada.com.ye,granada.com.ye
www.gree.com.ye,www.gree.com.ye,gree.com.ye
www.greenyemen.com.ye,www.greenyemen.com.ye,greenyemen.com.ye
www.gscp.gov.ye,www.gscp.gov.ye,gscp.gov.ye
www.gsdo.org.ye,www.gsdo.org.ye,gsdo.org.ye
www.gsh.com.ye,www.gsh.com.ye,gsh.com.ye
www.gspr.gov.ye,www.gspr.gov.ye,gspr.gov.ye
www.gsr.com.ye,www.gsr.com.ye,gsr.com.ye
www.gti.edu.ye,www.gti.edu.ye,gti.edu.ye
www.gulffactory.com.ye,www.gulffactory.com.ye,gulffactory.com.ye
www.gust.edu.ye,www.gust.edu.ye,gust.edu.ye
www.gysco.adn.com.ye,www.gysco.adn.com.ye,adn.com.ye
www.hadarahbook.srs-mohe.gov.ye,www.hadarahbook.srs-mohe.gov.ye,srs-mohe.gov.ye
www.hadhramout.gov.ye,www.hadhramout.gov.ye,hadhramout.gov.ye
www.hadmothtl.com.ye,www.hadmothtl.com.ye,hadmothtl.com.ye
www.hajjahmla.gov.ye,www.hajjahmla.gov.ye,hajjahmla.gov.ye
www.hajjahradio.net.ye,www.hajjahradio.net.ye,hajjahradio.net.ye
www.halsanea.com.ye,www.halsanea.com.ye,halsanea.com.ye
www.hasti.gov.ye,www.hasti.gov.ye,hasti.gov.ye
www.hasti.ye,www.hasti.ye,hasti.ye
www.hayat-karimafsd.org.ye,www.hayat-karimafsd.org.ye,hayat-karimafsd.org.ye
www.hccceb.edu.ye,www.hccceb.edu.ye,hccceb.edu.ye
www.hccceb.srs-mohe.gov.ye,www.hccceb.srs-mohe.gov.ye,srs-mohe.gov.ye
www.headstart.edu.ye,www.headstart.edu.ye,headstart.edu.ye
www.healthgeneration.com.ye,www.healthgeneration.com.ye,healthgeneration.com.ye
www.hellotravel.com.ye,www.hellotravel.com.ye,hellotravel.com.ye
www.hereis.ye,www.hereis.ye,hereis.ye
www.hikma.edu.ye,www.hikma.edu.ye,hikma.edu.ye
www.hmf.com.ye,www.hmf.com.ye,hmf.com.ye
www.hod.gov.ye,www.hod.gov.ye,hod.gov.ye
www.hodship.aden.com.ye,www.hodship.aden.com.ye,aden.com.ye
www.hoduniv.edu.ye,www.hoduniv.edu.ye,hoduniv.edu.ye
www.hoduniv.net.ye,www.hoduniv.net.ye,hoduniv.net.ye
www.hospitalaya.srs-mohe.gov.ye,www.hospitalaya.srs-mohe.gov.ye,srs-mohe.gov.ye
www.host.net.ye,www.host.net.ye,host.net.ye
www.host.yemen.net.ye,www.host.yemen.net.ye,yemen.net.ye
www.houseofdonuts.com.ye,www.houseofdonuts.com.ye,houseofdonuts.com.ye
www.housewareworld.com.ye,www.housewareworld.com.ye,housewareworld.com.ye
www.hritc.org.ye,www.hritc.org.ye,hritc.org.ye
www.hsatco.com.ye,www.hsatco.com.ye,hsatco.com.ye
www.htb.gov.ye,www.htb.gov.ye,htb.gov.ye
www.hu.edu.ye,www.hu.edu.ye,hu.edu.ye
www.huawei.com.ye,www.huawei.com.ye,huawei.com.ye
www.hucom.edu.ye,www.hucom.edu.ye,hucom.edu.ye
www.hust.edu.ye,www.hust.edu.ye,hust.edu.ye
www.ibb-wslc.gov.ye,www.ibb-wslc.gov.ye,ibb-wslc.gov.ye
www.ibbuniv.edu.ye,www.ibbuniv.edu.ye,ibbuniv.edu.ye
www.ibbunv.com.ye,www.ibbunv.com.ye,ibbunv.com.ye
www.ibnalhajpoultry.com.ye,www.ibnalhajpoultry.com.ye,ibnalhajpoultry.com.ye
www.ibnalkadri.com.ye,www.ibnalkadri.com.ye,ibnalkadri.com.ye
www.ibs.edu.ye,www.ibs.edu.ye,ibs.edu.ye
www.idea-advs.com.ye,www.idea-advs.com.ye,idea-advs.com.ye
www.idrees.com.ye,www.idrees.com.ye,idrees.com.ye
www.idsmap.cso.gov.ye,www.idsmap.cso.gov.ye,cso.gov.ye
www.iff.org.ye,www.iff.org.ye,iff.org.ye
www.ihuk.org.ye,www.ihuk.org.ye,ihuk.org.ye
www.imu.edu.ye,www.imu.edu.ye,imu.edu.ye
www.imue-learning.imu.edu.ye,www.imue-learning.imu.edu.ye,imu.edu.ye
www.innocence.org.ye,www.innocence.org.ye,innocence.org.ye
www.interfood.ye,www.interfood.ye,interfood.ye
www.investinyemen.gov.ye,www.investinyemen.gov.ye,investinyemen.gov.ye
www.ipna.gov.ye,www.ipna.gov.ye,ipna.gov.ye
www.ipocm.org.ye,www.ipocm.org.ye,ipocm.org.ye
www.ipv6.ye,www.ipv6.ye,ipv6.ye
www.iqos.com.ye,www.iqos.com.ye,iqos.com.ye
www.iqraa.edu.ye,www.iqraa.edu.ye,iqraa.edu.ye
www.isiu.edu.ye,www.isiu.edu.ye,isiu.edu.ye
www.isoc.org.ye,www.isoc.org.ye,isoc.org.ye
www.isoc.ye,www.isoc.ye,isoc.ye
www.itunesradio.com.ye,www.itunesradio.com.ye,itunesradio.com.ye
www.iutt.edu.ye,www.iutt.edu.ye,iutt.edu.ye
www.jan.com.ye,www.jan.com.ye,jan.com.ye
www.janataljawf.org.ye,www.janataljawf.org.ye,janataljawf.org.ye
www.jannat.com.ye,www.jannat.com.ye,jannat.com.ye
www.jawali.com.ye,www.jawali.com.ye,jawali.com.ye
www.jeapyemen.org.ye,www.jeapyemen.org.ye,jeapyemen.org.ye
www.jeelalresala.edu.ye,www.jeelalresala.edu.ye,jeelalresala.edu.ye
www.jia.gov.ye,www.jia.gov.ye,jia.gov.ye
www.jica-tb-control.org.ye,www.jica-tb-control.org.ye,jica-tb-control.org.ye
www.journal.alraziuni.edu.ye,www.journal.alraziuni.edu.ye,alraziuni.edu.ye
www.journal.tu.edu.ye,www.journal.tu.edu.ye,tu.edu.ye
www.journals.tu.edu.ye,www.journals.tu.edu.ye,tu.edu.ye
www.jthamararts.edu.ye,www.jthamararts.edu.ye,jthamararts.edu.ye
www.jubarigroup.com.ye,www.jubarigroup.com.ye,jubarigroup.com.ye
www.jums.edu.ye,www.jums.edu.ye,jums.edu.ye
www.just.edu.ye,www.just.edu.ye,just.edu.ye
www.kam-alshebrycon.com.ye,www.kam-alshebrycon.com.ye,kam-alshebrycon.com.ye
www.kaymu.com.ye,www.kaymu.com.ye,kaymu.com.ye
www.kbtc.com.ye,www.kbtc.com.ye,kbtc.com.ye
www.kfw-sanaa.com.ye,www.kfw-sanaa.com.ye,kfw-sanaa.com.ye
www.kirbyyemen.com.ye,www.kirbyyemen.com.ye,kirbyyemen.com.ye
www.krm.net.ye,www.krm.net.ye,krm.net.ye
www.krmbank.net.ye,www.krmbank.net.ye,krmbank.net.ye
www.law.hoduniv.net.ye,www.law.hoduniv.net.ye,hoduniv.net.ye
www.lawzicompany.com.ye,www.lawzicompany.com.ye,lawzicompany.com.ye
www.lcms.e-learning-moe.edu.ye,www.lcms.e-learning-moe.edu.ye,e-learning-moe.edu.ye
www.legal-affairs.gov.ye,www.legal-affairs.gov.ye,legal-affairs.gov.ye
www.legalaffairs.gov.ye,www.legalaffairs.gov.ye,legalaffairs.gov.ye
www.lib.tu.edu.ye,www.lib.tu.edu.ye,tu.edu.ye
www.lifetech.com.ye,www.lifetech.com.ye,lifetech.com.ye
www.limkokwing.edu.ye,www.limkokwing.edu.ye,limkokwing.edu.ye
www.linkads.ye,www.linkads.ye,linkads.ye
www.lms.alraziuni.edu.ye,www.lms.alraziuni.edu.ye,alraziuni.edu.ye
www.lms.iutt.edu.ye,www.lms.iutt.edu.ye,iutt.edu.ye
www.lms.qau.edu.ye,www.lms.qau.edu.ye,qau.edu.ye
www.lms.seiyunu.edu.ye,www.lms.seiyunu.edu.ye,seiyunu.edu.ye
www.lms.taiz.edu.ye,www.lms.taiz.edu.ye,taiz.edu.ye
www.logex.com.ye,www.logex.com.ye,logex.com.ye
www.ltaa.gov.ye,www.ltaa.gov.ye,ltaa.gov.ye
www.ltmobile.com.ye,www.ltmobile.com.ye,ltmobile.com.ye
www.luluatlbahr.net.ye,www.luluatlbahr.net.ye,luluatlbahr.net.ye
www.m-tam.com.ye,www.m-tam.com.ye,m-tam.com.ye
www.m.cama.gov.ye,www.m.cama.gov.ye,cama.gov.ye
www.ma-ibb.gov.ye,www.ma-ibb.gov.ye,ma-ibb.gov.ye
www.madhagefederation.com.ye,www.madhagefederation.com.ye,madhagefederation.com.ye
www.mafco.com.ye,www.mafco.com.ye,mafco.com.ye
www.mafwr.gov.ye,www.mafwr.gov.ye,mafwr.gov.ye
www.mahattapress.com.ye,www.mahattapress.com.ye,mahattapress.com.ye
www.mail.iutt.edu.ye,www.mail.iutt.edu.ye,iutt.edu.ye
www.mail.mtit.gov.ye,www.mail.mtit.gov.ye,mtit.gov.ye
www.mail.nby.com.ye,www.mail.nby.com.ye,nby.com.ye
www.mail.qasu.edu.ye,www.mail.qasu.edu.ye,qasu.edu.ye
www.mail.seiyunu.edu.ye,www.mail.seiyunu.edu.ye,seiyunu.edu.ye
www.mail.testcp.net.ye,www.mail.testcp.net.ye,testcp.net.ye
www.mailserver.smeps.org.ye,www.mailserver.smeps.org.ye,smeps.org.ye
www.majeedigroup.com.ye,www.majeedigroup.com.ye,majeedigroup.com.ye
www.mali.com.ye,www.mali.com.ye,mali.com.ye
www.mamoon-mobiley.com.ye,www.mamoon-mobiley.com.ye,mamoon-mobiley.com.ye
www.manuscript-yemen.org.ye,www.manuscript-yemen.org.ye,manuscript-yemen.org.ye
www.manuscripts.gov.ye,www.manuscripts.gov.ye,manuscripts.gov.ye
www.maoschoolyemen.com.ye,www.maoschoolyemen.com.ye,maoschoolyemen.com.ye
www.marah.mtn.com.ye,www.marah.mtn.com.ye,mtn.com.ye
www.marassi.com.ye,www.marassi.com.ye,marassi.com.ye
www.mareb-jewelry.com.ye,www.mareb-jewelry.com.ye,mareb-jewelry.com.ye
www.marebinsurance.com.ye,www.marebinsurance.com.ye,marebinsurance.com.ye
www.marvelflts.com.ye,www.marvelflts.com.ye,marvelflts.com.ye
www.mas.iqraa.edu.ye,www.mas.iqraa.edu.ye,iqraa.edu.ye
www.masj.21umas.edu.ye,www.masj.21umas.edu.ye,21umas.edu.ye
www.master-mce.net.ye,www.master-mce.net.ye,master-mce.net.ye
www.matrix.com.ye,www.matrix.com.ye,matrix.com.ye
www.mayohospital.net.ye,www.mayohospital.net.ye,mayohospital.net.ye
www.me.eomnv.gov.ye,www.me.eomnv.gov.ye,eomnv.gov.ye
www.med-su.edu.ye,www.med-su.edu.ye,med-su.edu.ye
www.med.alraziuni.edu.ye,www.med.alraziuni.edu.ye,alraziuni.edu.ye
www.med.hoduniv.net.ye,www.med.hoduniv.net.ye,hoduniv.net.ye
www.media.almasirah.net.ye,www.media.almasirah.net.ye,almasirah.net.ye
www.medicinepharma.com.ye,www.medicinepharma.com.ye,medicinepharma.com.ye
www.mercuresanaa.com.ye,www.mercuresanaa.com.ye,mercuresanaa.com.ye
www.mescoaden.com.ye,www.mescoaden.com.ye,mescoaden.com.ye
www.metco.com.ye,www.metco.com.ye,metco.com.ye
www.meu.edu.ye,www.meu.edu.ye,meu.edu.ye
www.mfloos.krmbank.net.ye,www.mfloos.krmbank.net.ye,krmbank.net.ye
www.mfloosnew.krmbank.net.ye,www.mfloosnew.krmbank.net.ye,krmbank.net.ye
www.mfw.gov.ye,www.mfw.gov.ye,mfw.gov.ye
www.microtech.net.ye,www.microtech.net.ye,microtech.net.ye
www.mii.edu.ye,www.mii.edu.ye,mii.edu.ye
www.millionaire.mtn.com.ye,www.millionaire.mtn.com.ye,mtn.com.ye
www.mineaction.ye,www.mineaction.ye,mineaction.ye
www.miticti.alraziuni.edu.ye,www.miticti.alraziuni.edu.ye,alraziuni.edu.ye
www.mitopro.gia.gov.ye,www.mitopro.gia.gov.ye,gia.gov.ye
www.mmy.gov.ye,www.mmy.gov.ye,mmy.gov.ye
www.mmy.ye,www.mmy.ye,mmy.ye
www.mobilemoney.com.ye,www.mobilemoney.com.ye,mobilemoney.com.ye
www.moc.gov.ye,www.moc.gov.ye,moc.gov.ye
www.mocsi.gov.ye,www.mocsi.gov.ye,mocsi.gov.ye
www.modernsoft.com.ye,www.modernsoft.com.ye,modernsoft.com.ye
www.moee.gov.ye,www.moee.gov.ye,moee.gov.ye
www.mof.gov.ye,www.mof.gov.ye,mof.gov.ye
www.mofa.gov.ye,www.mofa.gov.ye,mofa.gov.ye
www.mogaly.com.ye,www.mogaly.com.ye,mogaly.com.ye
www.moh.gov.ye,www.moh.gov.ye,moh.gov.ye
www.mohamoon-taiz.org.ye,www.mohamoon-taiz.org.ye,mohamoon-taiz.org.ye
www.mohe.gov.ye,www.mohe.gov.ye,mohe.gov.ye
www.mohesr.gov.ye,www.mohesr.gov.ye,mohesr.gov.ye
www.moia.gov.ye,www.moia.gov.ye,moia.gov.ye
www.moit.gov.ye,www.moit.gov.ye,moit.gov.ye
www.moit.ye,www.moit.ye,moit.ye
www.moj.gov.ye,www.moj.gov.ye,moj.gov.ye
www.molay.gov.ye,www.molay.gov.ye,molay.gov.ye
www.molayemen.gov.ye,www.molayemen.gov.ye,molayemen.gov.ye
www.mom-medical.gov.ye,www.mom-medical.gov.ye,mom-medical.gov.ye
www.mom.gov.ye,www.mom.gov.ye,mom.gov.ye
www.moodle.iqraa.edu.ye,www.moodle.iqraa.edu.ye,iqraa.edu.ye
www.mosal.gov.ye,www.mosal.gov.ye,mosal.gov.ye
www.mot.gov.ye,www.mot.gov.ye,mot.gov.ye
www.mpc.com.ye,www.mpc.com.ye,mpc.com.ye
www.mpic-aden.gov.ye,www.mpic-aden.gov.ye,mpic-aden.gov.ye
www.mpwud.gov.ye,www.mpwud.gov.ye,mpwud.gov.ye
www.mq.com.ye,www.mq.com.ye,mq.com.ye
www.mrpro.com.ye,www.mrpro.com.ye,mrpro.com.ye
www.mscollege.edu.ye,www.mscollege.edu.ye,mscollege.edu.ye
www.msdc.gov.ye,www.msdc.gov.ye,msdc.gov.ye
www.mtict.alraziuni.edu.ye,www.mtict.alraziuni.edu.ye,alraziuni.edu.ye
www.mticti.alraziuni.edu.ye,www.mticti.alraziuni.edu.ye,alraziuni.edu.ye
www.mtit.gov.ye,www.mtit.gov.ye,mtit.gov.ye
www.mtn.com.ye,www.mtn.com.ye,mtn.com.ye
www.mtnplay.com.ye,www.mtnplay.com.ye,mtnplay.com.ye
www.mugahed.com.ye,www.mugahed.com.ye,mugahed.com.ye
www.mymtn.mtn.com.ye,www.mymtn.mtn.com.ye,mtn.com.ye
www.n-tfc-moh.gov.ye,www.n-tfc-moh.gov.ye,n-tfc-moh.gov.ye
www.nabdalseha.com.ye,www.nabdalseha.com.ye,nabdalseha.com.ye
www.nabdhalseha.com.ye,www.nabdhalseha.com.ye,nabdhalseha.com.ye
www.najmalyemen.com.ye,www.najmalyemen.com.ye,najmalyemen.com.ye
www.nakaz.com.ye,www.nakaz.com.ye,nakaz.com.ye
www.natco-razi.com.ye,www.natco-razi.com.ye,natco-razi.com.ye
www.natco.com.ye,www.natco.com.ye,natco.com.ye
www.natec.gov.ye,www.natec.gov.ye,natec.gov.ye
www.nationaluni.edu.ye,www.nationaluni.edu.ye,nationaluni.edu.ye
www.natship.com.ye,www.natship.com.ye,natship.com.ye
www.navy.gov.ye,www.navy.gov.ye,navy.gov.ye
www.nby.com.ye,www.nby.com.ye,nby.com.ye
www.nbyislamic.net.ye,www.nbyislamic.net.ye,nbyislamic.net.ye
www.nbyyemen.com.ye,www.nbyyemen.com.ye,nbyyemen.com.ye
www.nccbds.gov.ye,www.nccbds.gov.ye,nccbds.gov.ye
www.nccd.edu.ye,www.nccd.edu.ye,nccd.edu.ye
www.ncgs.com.ye,www.ncgs.com.ye,ncgs.com.ye
www.ndc.ye,www.ndc.ye,ndc.ye
www.newcity-yemen.com.ye,www.newcity-yemen.com.ye,newcity-yemen.com.ye
www.news.qasu.edu.ye,www.news.qasu.edu.ye,qasu.edu.ye
www.newsite.yemen.net.ye,www.newsite.yemen.net.ye,yemen.net.ye
www.ngtech.com.ye,www.ngtech.com.ye,ngtech.com.ye
www.nic.gov.ye,www.nic.gov.ye,nic.gov.ye
www.nip.gov.ye,www.nip.gov.ye,nip.gov.ye
www.nissan-yemen.com.ye,www.nissan-yemen.com.ye,nissan-yemen.com.ye
www.niu.edu.ye,www.niu.edu.ye,niu.edu.ye
www.nodtps.org.ye,www.nodtps.org.ye,nodtps.org.ye
www.nok.com.ye,www.nok.com.ye,nok.com.ye
www.nooralyemen.com.ye,www.nooralyemen.com.ye,nooralyemen.com.ye
www.northbon.bonyan.org.ye,www.northbon.bonyan.org.ye,bonyan.org.ye
www.novapower.com.ye,www.novapower.com.ye,novapower.com.ye
www.ntfo.org.ye,www.ntfo.org.ye,ntfo.org.ye
www.nu.edu.ye,www.nu.edu.ye,nu.edu.ye
www.nvdl.gov.ye,www.nvdl.gov.ye,nvdl.gov.ye
www.nymc.com.ye,www.nymc.com.ye,nymc.com.ye
www.ocs.alraziuni.edu.ye,www.ocs.alraziuni.edu.ye,alraziuni.edu.ye
www.ofinixx.com.srs-mohe.gov.ye,www.ofinixx.com.srs-mohe.gov.ye,srs-mohe.gov.ye
www.ofinixx.srs-mohe.gov.ye,www.ofinixx.srs-mohe.gov.ye,srs-mohe.gov.ye
www.old.21umas.edu.ye,www.old.21umas.edu.ye,21umas.edu.ye
www.old.qau.edu.ye,www.old.qau.edu.ye,qau.edu.ye
www.olx.com.ye,www.olx.com.ye,olx.com.ye
www.omega.com.ye,www.omega.com.ye,omega.com.ye
www.omron.com.ye,www.omron.com.ye,omron.com.ye
www.omv.com.ye,www.omv.com.ye,omv.com.ye
www.onefamily.org.ye,www.onefamily.org.ye,onefamily.org.ye
www.onyx.ye,www.onyx.ye,onyx.ye
www.opp.gia.gov.ye,www.opp.gia.gov.ye,gia.gov.ye
www.opss.org.ye,www.opss.org.ye,opss.org.ye
www.ormis-mof.gov.ye,www.ormis-mof.gov.ye,ormis-mof.gov.ye
www.os2.com.ye,www.os2.com.ye,os2.com.ye
www.osus.com.ye,www.osus.com.ye,osus.com.ye
www.overseas.com.ye,www.overseas.com.ye,overseas.com.ye
www.pa-yemen.gov.ye,www.pa-yemen.gov.ye,pa-yemen.gov.ye
www.panasonic.com.ye,www.panasonic.com.ye,panasonic.com.ye
www.pare.gov.ye,www.pare.gov.ye,pare.gov.ye
www.parliament.gov.ye,www.parliament.gov.ye,parliament.gov.ye
www.pc-united.net.ye,www.pc-united.net.ye,pc-united.net.ye
www.pcas.org.ye,www.pcas.org.ye,pcas.org.ye
www.pdn.net.ye,www.pdn.net.ye,pdn.net.ye
www.peace-yemen.org.ye,www.peace-yemen.org.ye,peace-yemen.org.ye
www.pec.com.ye,www.pec.com.ye,pec.com.ye
www.pec.gov.ye,www.pec.gov.ye,pec.gov.ye
www.peoplemedia.com.ye,www.peoplemedia.com.ye,peoplemedia.com.ye
www.pepa.com.ye,www.pepa.com.ye,pepa.com.ye
www.petronahad.com.ye,www.petronahad.com.ye,petronahad.com.ye
www.petrosaba.com.ye,www.petrosaba.com.ye,petrosaba.com.ye
www.petrosupply-og.com.ye,www.petrosupply-og.com.ye,petrosupply-og.com.ye
www.pfmp.mof.gov.ye,www.pfmp.mof.gov.ye,mof.gov.ye
www.pgfpp.gov.ye,www.pgfpp.gov.ye,pgfpp.gov.ye
www.pgsf.org.ye,www.pgsf.org.ye,pgsf.org.ye
www.pharmatechnology.com.ye,www.pharmatechnology.com.ye,pharmatechnology.com.ye
www.phm.hoduniv.net.ye,www.phm.hoduniv.net.ye,hoduniv.net.ye
www.phpf.org.ye,www.phpf.org.ye,phpf.org.ye
www.platform.ye,www.platform.ye,platform.ye
www.platinum.com.ye,www.platinum.com.ye,platinum.com.ye
www.pmo.gov.ye,www.pmo.gov.ye,pmo.gov.ye
www.poacye.edu.ye,www.poacye.edu.ye,poacye.edu.ye
www.portal.21umas.edu.ye,www.portal.21umas.edu.ye,21umas.edu.ye
www.portal.ust.edu.ye,www.portal.ust.edu.ye,ust.edu.ye
www.portal.yemensadad.net.ye,www.portal.yemensadad.net.ye,yemensadad.net.ye
www.post.ye,www.post.ye,post.ye
www.premiumcare.com.ye,www.premiumcare.com.ye,premiumcare.com.ye
www.proton.com.ye,www.proton.com.ye,proton.com.ye
www.ps.21umas.edu.ye,www.ps.21umas.edu.ye,21umas.edu.ye
www.ptc.gov.ye,www.ptc.gov.ye,ptc.gov.ye
www.qasu.edu.ye,www.qasu.edu.ye,qasu.edu.ye
www.qatofin.com.ye,www.qatofin.com.ye,qatofin.com.ye
www.qau.edu.ye,www.qau.edu.ye,qau.edu.ye
www.qau.ye,www.qau.ye,qau.ye
www.qtaralnada.srs-mohe.gov.ye,www.qtaralnada.srs-mohe.gov.ye,srs-mohe.gov.ye
www.queenscollege.edu.ye,www.queenscollege.edu.ye,queenscollege.edu.ye
www.queensys.srs-mohe.gov.ye,www.queensys.srs-mohe.gov.ye,srs-mohe.gov.ye
www.raiby.com.ye,www.raiby.com.ye,raiby.com.ye
www.ramada-almukalla.com.ye,www.ramada-almukalla.com.ye,ramada-almukalla.com.ye
www.ramaexports.com.ye,www.ramaexports.com.ye,ramaexports.com.ye
www.ramimedical.com.ye,www.ramimedical.com.ye,ramimedical.com.ye
www.rashadbohair.annajmplus.com.ye,www.rashadbohair.annajmplus.com.ye,annajmplus.com.ye
www.rashadbohair.com.ye,www.rashadbohair.com.ye,rashadbohair.com.ye
www.rashadbohair1.annajmplus.com.ye,www.rashadbohair1.annajmplus.com.ye,annajmplus.com.ye
www.rashadbohair2.annajmplus.com.ye,www.rashadbohair2.annajmplus.com.ye,annajmplus.com.ye
www.rdc.gov.ye,www.rdc.gov.ye,rdc.gov.ye
www.rec.smeps.org.ye,www.rec.smeps.org.ye,smeps.org.ye
www.redline.com.ye,www.redline.com.ye,redline.com.ye
www.registry.yemenmobile.com.ye,www.registry.yemenmobile.com.ye,yemenmobile.com.ye
www.remisc.org.ye,www.remisc.org.ye,remisc.org.ye
www.repository.alraziuni.edu.ye,www.repository.alraziuni.edu.ye,alraziuni.edu.ye
www.richland.com.ye,www.richland.com.ye,richland.com.ye
www.right.com.ye,www.right.com.ye,right.com.ye
www.righttec.com.ye,www.righttec.com.ye,righttec.com.ye
www.rihs-lms.alraziuni.edu.ye,www.rihs-lms.alraziuni.edu.ye,alraziuni.edu.ye
www.rimaz.com.ye,www.rimaz.com.ye,rimaz.com.ye
www.rp.ptc.gov.ye,www.rp.ptc.gov.ye,ptc.gov.ye
www.rujms.alraziuni.edu.ye,www.rujms.alraziuni.edu.ye,alraziuni.edu.ye
www.saada-uni.edu.ye,www.saada-uni.edu.ye,saada-uni.edu.ye
www.saba.ye,www.saba.ye,saba.ye
www.sababank.com.ye,www.sababank.com.ye,sababank.com.ye
www.sabafon.com.ye,www.sabafon.com.ye,sabafon.com.ye
www.sabanews.gov.ye,www.sabanews.gov.ye,sabanews.gov.ye
www.sacha.com.ye,www.sacha.com.ye,sacha.com.ye
www.sadah.gov.ye,www.sadah.gov.ye,sadah.gov.ye
www.sadiu.edu.ye,www.sadiu.edu.ye,sadiu.edu.ye
www.saffari.com.ye,www.saffari.com.ye,saffari.com.ye
www.safidanone.com.ye,www.safidanone.com.ye,safidanone.com.ye
www.sah.com.ye,www.sah.com.ye,sah.com.ye
www.sahem.com.ye,www.sahem.com.ye,sahem.com.ye
www.saicmyemen.gov.ye,www.saicmyemen.gov.ye,saicmyemen.gov.ye
www.salam-world.com.ye,www.salam-world.com.ye,salam-world.com.ye
www.salamworld.com.ye,www.salamworld.com.ye,salamworld.com.ye
www.salimi.host.net.ye,www.salimi.host.net.ye,host.net.ye
www.sam-bam.com.ye,www.sam-bam.com.ye,sam-bam.com.ye
www.sama.com.ye,www.sama.com.ye,sama.com.ye
www.sammedical.com.ye,www.sammedical.com.ye,sammedical.com.ye
www.samtex.com.ye,www.samtex.com.ye,samtex.com.ye
www.samyemen.com.ye,www.samyemen.com.ye,samyemen.com.ye
www.sanaacompany.com.ye,www.sanaacompany.com.ye,sanaacompany.com.ye
www.sanaagassp.gov.ye,www.sanaagassp.gov.ye,sanaagassp.gov.ye
www.sanaaradio.net.ye,www.sanaaradio.net.ye,sanaaradio.net.ye
www.sar.21umas.edu.ye,www.sar.21umas.edu.ye,21umas.edu.ye
www.sary.com.ye,www.sary.com.ye,sary.com.ye
www.saudisigns.com.ye,www.saudisigns.com.ye,saudisigns.com.ye
www.savetime.srs-mohe.gov.ye,www.savetime.srs-mohe.gov.ye,srs-mohe.gov.ye
www.sawa.com.ye,www.sawa.com.ye,sawa.com.ye
www.sawabi.com.ye,www.sawabi.com.ye,sawabi.com.ye
www.sawafirst.com.ye,www.sawafirst.com.ye,sawafirst.com.ye
www.sayich.com.ye,www.sayich.com.ye,sayich.com.ye
www.sbco.com.ye,www.sbco.com.ye,sbco.com.ye
www.sbiyemen.com.ye,www.sbiyemen.com.ye,sbiyemen.com.ye
www.scc.edu.ye,www.scc.edu.ye,scc.edu.ye
www.scdsy.alraziuni.edu.ye,www.scdsy.alraziuni.edu.ye,alraziuni.edu.ye
www.scdsy1.alraziuni.edu.ye,www.scdsy1.alraziuni.edu.ye,alraziuni.edu.ye
www.scer.gov.ye,www.scer.gov.ye,scer.gov.ye
www.schneider-electric.ye,www.schneider-electric.ye,schneider-electric.ye
www.scif.hoduniv.net.ye,www.scif.hoduniv.net.ye,hoduniv.net.ye
www.sdomain.testcp.net.ye,www.sdomain.testcp.net.ye,testcp.net.ye
www.sea.hoduniv.net.ye,www.sea.hoduniv.net.ye,hoduniv.net.ye
www.secularyemenis.srs-mohe.gov.ye,www.secularyemenis.srs-mohe.gov.ye,srs-mohe.gov.ye
www.seiyunu.edu.ye,www.seiyunu.edu.ye,seiyunu.edu.ye
www.selam-world.com.ye,www.selam-world.com.ye,selam-world.com.ye
www.selamworld.com.ye,www.selamworld.com.ye,selamworld.com.ye
www.sensetrading.com.ye,www.sensetrading.com.ye,sensetrading.com.ye
www.sepp.com.ye,www.sepp.com.ye,sepp.com.ye
www.september.net.ye,www.september.net.ye,september.net.ye
www.server.iqraa.edu.ye,www.server.iqraa.edu.ye,iqraa.edu.ye
www.service.post.ye,www.service.post.ye,post.ye
www.sfhrp.org.ye,www.sfhrp.org.ye,sfhrp.org.ye
www.shababunity.com.ye,www.shababunity.com.ye,shababunity.com.ye
www.shaleif.com.ye,www.shaleif.com.ye,shaleif.com.ye
www.shawarmanji.com.ye,www.shawarmanji.com.ye,shawarmanji.com.ye
www.shawategroup.com.ye,www.shawategroup.com.ye,shawategroup.com.ye
www.shoora.gov.ye,www.shoora.gov.ye,shoora.gov.ye
www.showlaq.com.ye,www.showlaq.com.ye,showlaq.com.ye
www.sigmagroup.com.ye,www.sigmagroup.com.ye,sigmagroup.com.ye
www.sindbad.srs-mohe.gov.ye,www.sindbad.srs-mohe.gov.ye,srs-mohe.gov.ye
www.skyinnovation.com.ye,www.skyinnovation.com.ye,skyinnovation.com.ye
www.slo.gov.ye,www.slo.gov.ye,slo.gov.ye
www.smaj.seiyunu.edu.ye,www.smaj.seiyunu.edu.ye,seiyunu.edu.ye
www.smart.ust.edu.ye,www.smart.ust.edu.ye,ust.edu.ye
www.smartgate.edu.ye,www.smartgate.edu.ye,smartgate.edu.ye
www.smartlift.com.ye,www.smartlift.com.ye,smartlift.com.ye
www.smc.com.ye,www.smc.com.ye,smc.com.ye
www.smc.gov.ye,www.smc.gov.ye,smc.gov.ye
www.smeps.org.ye,www.smeps.org.ye,smeps.org.ye
www.snacc.gov.ye,www.snacc.gov.ye,snacc.gov.ye
www.snackglopl.srs-mohe.gov.ye,www.snackglopl.srs-mohe.gov.ye,srs-mohe.gov.ye
www.social2.ygsmrb.org.ye,www.social2.ygsmrb.org.ye,ygsmrb.org.ye
www.socomec.com.ye,www.socomec.com.ye,socomec.com.ye
www.sohobcom.ye,www.sohobcom.ye,sohobcom.ye
www.soon.alnahdah.org.ye,www.soon.alnahdah.org.ye,alnahdah.org.ye
www.soul.org.ye,www.soul.org.ye,soul.org.ye
www.spe.iutt.edu.ye,www.spe.iutt.edu.ye,iutt.edu.ye
www.spinneys.com.ye,www.spinneys.com.ye,spinneys.com.ye
www.spo.hoduniv.net.ye,www.spo.hoduniv.net.ye,hoduniv.net.ye
www.srs-mohe.gov.ye,www.srs-mohe.gov.ye,srs-mohe.gov.ye
www.srsps-mohe.gov.ye,www.srsps-mohe.gov.ye,srsps-mohe.gov.ye
www.srv.smartgate.edu.ye,www.srv.smartgate.edu.ye,smartgate.edu.ye
www.srv2.smartgate.edu.ye,www.srv2.smartgate.edu.ye,smartgate.edu.ye
www.ssd.org.ye,www.ssd.org.ye,ssd.org.ye
www.staff.iutt.edu.ye,www.staff.iutt.edu.ye,iutt.edu.ye
www.staff.tu.edu.ye,www.staff.tu.edu.ye,tu.edu.ye
www.start.edu.ye,www.start.edu.ye,start.edu.ye
www.stcotec.com.ye,www.stcotec.com.ye,stcotec.com.ye
www.std.iutt.edu.ye,www.std.iutt.edu.ye,iutt.edu.ye
www.studentaffair.seiyunu.edu.ye,www.studentaffair.seiyunu.edu.ye,seiyunu.edu.ye
www.studentgate.tu.edu.ye,www.studentgate.tu.edu.ye,tu.edu.ye
www.studies.nic.gov.ye,www.studies.nic.gov.ye,nic.gov.ye
www.su.edu.ye,www.su.edu.ye,su.edu.ye
www.suerp.gov.ye,www.suerp.gov.ye,suerp.gov.ye
www.survey-authority.gov.ye,www.survey-authority.gov.ye,survey-authority.gov.ye
www.suzuki.com.ye,www.suzuki.com.ye,suzuki.com.ye
www.syepco.com.ye,www.syepco.com.ye,syepco.com.ye
www.szi.com.ye,www.szi.com.ye,szi.com.ye
www.taizchamber.com.ye,www.taizchamber.com.ye,taizchamber.com.ye
www.tam-group.com.ye,www.tam-group.com.ye,tam-group.com.ye
www.tamkeen.com.ye,www.tamkeen.com.ye,tamkeen.com.ye
www.tarwfreligcivi.org.ye,www.tarwfreligcivi.org.ye,tarwfreligcivi.org.ye
www.tashreen.com.ye,www.tashreen.com.ye,tashreen.com.ye
www.tax.gov.ye,www.tax.gov.ye,tax.gov.ye
www.taxltu.gov.ye,www.taxltu.gov.ye,taxltu.gov.ye
www.tbhs.com.ye,www.tbhs.com.ye,tbhs.com.ye
www.tci-dhamar.com.ye,www.tci-dhamar.com.ye,tci-dhamar.com.ye
www.tda-yemen.org.ye,www.tda-yemen.org.ye,tda-yemen.org.ye
www.tebyan.school.ye,www.tebyan.school.ye,tebyan.school.ye
www.tebyan.ye,www.tebyan.ye,tebyan.ye
www.tech.seiyunu.edu.ye,www.tech.seiyunu.edu.ye,seiyunu.edu.ye
www.technohouse.com.ye,www.technohouse.com.ye,technohouse.com.ye
www.techsci-experts.com.ye,www.techsci-experts.com.ye,techsci-experts.com.ye
www.tedx.seiyunu.edu.ye,www.tedx.seiyunu.edu.ye,seiyunu.edu.ye
www.tehama.com.ye,www.tehama.com.ye,tehama.com.ye
www.teleyemen.com.ye,www.teleyemen.com.ye,teleyemen.com.ye
www.tesf.edu.ye,www.tesf.edu.ye,tesf.edu.ye
www.test.21umas.edu.ye,www.test.21umas.edu.ye,21umas.edu.ye
www.test.antar.iqraa.edu.ye,www.test.antar.iqraa.edu.ye,iqraa.edu.ye
www.test.cama.gov.ye,www.test.cama.gov.ye,cama.gov.ye
www.test.iqraa.edu.ye,www.test.iqraa.edu.ye,iqraa.edu.ye
www.test.smc.gov.ye,www.test.smc.gov.ye,smc.gov.ye
www.test.yemen.net.ye,www.test.yemen.net.ye,yemen.net.ye
www.test.yemenvision.gov.ye,www.test.yemenvision.gov.ye,yemenvision.gov.ye
www.test1.iqraa.edu.ye,www.test1.iqraa.edu.ye,iqraa.edu.ye
www.test2019.yemen.net.ye,www.test2019.yemen.net.ye,yemen.net.ye
www.testcp.net.ye,www.testcp.net.ye,testcp.net.ye
www.testing.sabafon.com.ye,www.testing.sabafon.com.ye,sabafon.com.ye
www.testnewweb.smeps.org.ye,www.testnewweb.smeps.org.ye,smeps.org.ye
www.testplsk.net.ye,www.testplsk.net.ye,testplsk.net.ye
www.tests.worldtrust.com.ye,www.tests.worldtrust.com.ye,worldtrust.com.ye
www.thabetson.com.ye,www.thabetson.com.ye,thabetson.com.ye
www.thci.edu.ye,www.thci.edu.ye,thci.edu.ye
www.thecheesecakefactory.com.ye,www.thecheesecakefactory.com.ye,thecheesecakefactory.com.ye
www.thobhan.org.ye,www.thobhan.org.ye,thobhan.org.ye
www.titmag.net.ye,www.titmag.net.ye,titmag.net.ye
www.tlr.com.ye,www.tlr.com.ye,tlr.com.ye
www.tmgh.gov.ye,www.tmgh.gov.ye,tmgh.gov.ye
www.togetherpharma.com.ye,www.togetherpharma.com.ye,togetherpharma.com.ye
www.topeasy.com.ye,www.topeasy.com.ye,topeasy.com.ye
www.topresidency.gov.ye,www.topresidency.gov.ye,topresidency.gov.ye
www.tourism.gov.ye,www.tourism.gov.ye,tourism.gov.ye
www.tourisminyemen.gov.ye,www.tourisminyemen.gov.ye,tourisminyemen.gov.ye
www.tourismyemen.gov.ye,www.tourismyemen.gov.ye,tourismyemen.gov.ye
www.towaity.com.ye,www.towaity.com.ye,towaity.com.ye
www.toyota.com.ye,www.toyota.com.ye,toyota.com.ye
www.tr-sanaa.gov.ye,www.tr-sanaa.gov.ye,tr-sanaa.gov.ye
www.tr1.seiyunu.edu.ye,www.tr1.seiyunu.edu.ye,seiyunu.edu.ye
www.tr2.seiyunu.edu.ye,www.tr2.seiyunu.edu.ye,seiyunu.edu.ye
www.training.tax.gov.ye,www.training.tax.gov.ye,tax.gov.ye
www.trye.gov.ye,www.trye.gov.ye,trye.gov.ye
www.tu.edu.ye,www.tu.edu.ye,tu.edu.ye
www.twslc.gov.ye,www.twslc.gov.ye,twslc.gov.ye
www.tyco-electronics.com.ye,www.tyco-electronics.com.ye,tyco-electronics.com.ye
www.tycoelectronics.com.ye,www.tycoelectronics.com.ye,tycoelectronics.com.ye
www.tyt.com.ye,www.tyt.com.ye,tyt.com.ye
www.ucci.tu.edu.ye,www.ucci.tu.edu.ye,tu.edu.ye
www.uchp.org.ye,www.uchp.org.ye,uchp.org.ye
www.ufa.alraziuni.edu.ye,www.ufa.alraziuni.edu.ye,alraziuni.edu.ye
www.ufafpi.ye,www.ufafpi.ye,ufafpi.ye
www.uin.edu.ye,www.uin.edu.ye,uin.edu.ye
www.uis.edu.ye,www.uis.edu.ye,uis.edu.ye
www.un.ye,www.un.ye,un.ye
www.unimaxhospital.srs-mohe.gov.ye,www.unimaxhospital.srs-mohe.gov.ye,srs-mohe.gov.ye
www.unionnetwork.com.ye,www.unionnetwork.com.ye,unionnetwork.com.ye
www.uniship.aden.com.ye,www.uniship.aden.com.ye,aden.com.ye
www.uniship.com.ye,www.uniship.com.ye,uniship.com.ye
www.uniten.com.ye,www.uniten.com.ye,uniten.com.ye
www.update.com.ye,www.update.com.ye,update.com.ye
www.uqms.edu.ye,www.uqms.edu.ye,uqms.edu.ye
www.ust.edu.ye,www.ust.edu.ye,ust.edu.ye
www.usthyemen.com.ye,www.usthyemen.com.ye,usthyemen.com.ye
www.vastechnology.com.ye,www.vastechnology.com.ye,vastechnology.com.ye
www.vim.ye,www.vim.ye,vim.ye
www.vindexyemen.com.ye,www.vindexyemen.com.ye,vindexyemen.com.ye
www.volkswagen.com.ye,www.volkswagen.com.ye,volkswagen.com.ye
www.voyages-au-yemen.com.ye,www.voyages-au-yemen.com.ye,voyages-au-yemen.com.ye
www.wahdah-dca.com.ye,www.wahdah-dca.com.ye,wahdah-dca.com.ye
www.wateraljawf.gov.ye,www.wateraljawf.gov.ye,wateraljawf.gov.ye
www.wb-crm.smeps.org.ye,www.wb-crm.smeps.org.ye,smeps.org.ye
www.wb-form.smeps.org.ye,www.wb-form.smeps.org.ye,smeps.org.ye
www.web.cacinsurance.com.ye,www.web.cacinsurance.com.ye,cacinsurance.com.ye
www.web.krmbank.net.ye,www.web.krmbank.net.ye,krmbank.net.ye
www.web.smartgate.edu.ye,www.web.smartgate.edu.ye,smartgate.edu.ye
www.wec.edu.ye,www.wec.edu.ye,wec.edu.ye
www.wecash.com.ye,www.wecash.com.ye,wecash.com.ye
www.wegos.com.ye,www.wegos.com.ye,wegos.com.ye
www.wempower.org.ye,www.wempower.org.ye,wempower.org.ye
www.whf.org.ye,www.whf.org.ye,whf.org.ye
www.whitecloud.net.ye,www.whitecloud.net.ye,whitecloud.net.ye
www.widyan.com.ye,www.widyan.com.ye,widyan.com.ye
www.wifi.yemen.net.ye,www.wifi.yemen.net.ye,yemen.net.ye
www.worldtrust.com.ye,www.worldtrust.com.ye,worldtrust.com.ye
www.www.un.ye,www.www.un.ye,un.ye
www.y-fpd.org.ye,www.y-fpd.org.ye,y-fpd.org.ye
www.yaam.srs-mohe.gov.ye,www.yaam.srs-mohe.gov.ye,srs-mohe.gov.ye
www.yaman.e-learning-moe.edu.ye,www.yaman.e-learning-moe.edu.ye,e-learning-moe.edu.ye
www.yamania.gov.ye,www.yamania.gov.ye,yamania.gov.ye
www.yba.org.ye,www.yba.org.ye,yba.org.ye
www.ybrd.com.ye,www.ybrd.com.ye,ybrd.com.ye
www.yca.edu.ye,www.yca.edu.ye,yca.edu.ye
www.ycb.com.ye,www.ycb.com.ye,ycb.com.ye
www.ycfms.com.ye,www.ycfms.com.ye,ycfms.com.ye
www.ycgsi.com.ye,www.ycgsi.com.ye,ycgsi.com.ye
www.ych.com.ye,www.ych.com.ye,ych.com.ye
www.ycpd.com.ye,www.ycpd.com.ye,ycpd.com.ye
www.ye.net.ye,www.ye.net.ye,ye.net.ye
www.yeahmoney.net.ye,www.yeahmoney.net.ye,yeahmoney.net.ye
www.yec.edu.ye,www.yec.edu.ye,yec.edu.ye
www.yeco.com.ye,www.yeco.com.ye,yeco.com.ye
www.yectv.edu.ye,www.yectv.edu.ye,yectv.edu.ye
www.yellow.com.ye,www.yellow.com.ye,yellow.com.ye
www.yemac.com.ye,www.yemac.com.ye,yemac.com.ye
www.yemen-cardio.org.ye,www.yemen-cardio.org.ye,yemen-cardio.org.ye
www.yemen-environment.gov.ye,www.yemen-environment.gov.ye,yemen-environment.gov.ye
www.yemen-tv.net.ye,www.yemen-tv.net.ye,yemen-tv.net.ye
www.yemen.aden.tours.com.ye,www.yemen.aden.tours.com.ye,tours.com.ye
www.yemen.com.ye,www.yemen.com.ye,yemen.com.ye
www.yemen.net.ye,www.yemen.net.ye,yemen.net.ye
www.yemenacademy.edu.ye,www.yemenacademy.edu.ye,yemenacademy.edu.ye
www.yemenalmufaddal.com.ye,www.yemenalmufaddal.com.ye,yemenalmufaddal.com.ye
www.yemenbasketball.com.ye,www.yemenbasketball.com.ye,yemenbasketball.com.ye
www.yemencare.org.ye,www.yemencare.org.ye,yemencare.org.ye
www.yemeneng.org.ye,www.yemeneng.org.ye,yemeneng.org.ye
www.yemengulfbank.com.ye,www.yemengulfbank.com.ye,yemengulfbank.com.ye
www.yemeni-women.org.ye,www.yemeni-women.org.ye,yemeni-women.org.ye
www.yemeninfo.gov.ye,www.yemeninfo.gov.ye,yemeninfo.gov.ye
www.yemenmarine.com.ye,www.yemenmarine.com.ye,yemenmarine.com.ye
www.yemenmobile.com.ye,www.yemenmobile.com.ye,yemenmobile.com.ye
www.yemenmoroco.com.ye,www.yemenmoroco.com.ye,yemenmoroco.com.ye
www.yemennet.com.ye,www.yemennet.com.ye,yemennet.com.ye
www.yemenrobot.ye,www.yemenrobot.ye,yemenrobot.ye
www.yemensoft.com.ye,www.yemensoft.com.ye,yemensoft.com.ye
www.yemenstores.com.ye,www.yemenstores.com.ye,yemenstores.com.ye
www.yementourism.gov.ye,www.yementourism.gov.ye,yementourism.gov.ye
www.yemenvision.gov.ye,www.yemenvision.gov.ye,yemenvision.gov.ye
www.yesa.com.ye,www.yesa.com.ye,yesa.com.ye
www.yetp.org.ye,www.yetp.org.ye,yetp.org.ye
www.yfd.org.ye,www.yfd.org.ye,yfd.org.ye
www.yfl.com.ye,www.yfl.com.ye,yfl.com.ye
www.yfsco.net.ye,www.yfsco.net.ye,yfsco.net.ye
www.ygsmrb.org.ye,www.ygsmrb.org.ye,ygsmrb.org.ye
www.ygsmrbmail.ygsmrb.org.ye,www.ygsmrbmail.ygsmrb.org.ye,ygsmrb.org.ye
www.yiig.gov.ye,www.yiig.gov.ye,yiig.gov.ye
www.yinor.com.ye,www.yinor.com.ye,yinor.com.ye
www.yipo.gov.ye,www.yipo.gov.ye,yipo.gov.ye
www.yjmhr.edu.ye,www.yjmhr.edu.ye,yjmhr.edu.ye
www.yju.edu.ye,www.yju.edu.ye,yju.edu.ye
www.ykrdc.com.ye,www.ykrdc.com.ye,ykrdc.com.ye
www.ym-idc.gov.ye,www.ym-idc.gov.ye,ym-idc.gov.ye
www.ymd.com.ye,www.ymd.com.ye,ymd.com.ye
www.ymobile.com.ye,www.ymobile.com.ye,ymobile.com.ye
www.yms.gov.ye,www.yms.gov.ye,yms.gov.ye
www.yncecs.gov.ye,www.yncecs.gov.ye,yncecs.gov.ye
www.yos.org.ye,www.yos.org.ye,yos.org.ye
www.yostours.com.ye,www.yostours.com.ye,yostours.com.ye
www.you.com.ye,www.you.com.ye,you.com.ye
www.ypg.com.ye,www.ypg.com.ye,ypg.com.ye
www.ypo.gov.ye,www.ypo.gov.ye,ypo.gov.ye
www.yradio.gov.ye,www.yradio.gov.ye,yradio.gov.ye
www.yrsgisc.gov.ye,www.yrsgisc.gov.ye,yrsgisc.gov.ye
www.ysc.org.ye,www.ysc.org.ye,ysc.org.ye
www.ysrdc.gov.ye,www.ysrdc.gov.ye,ysrdc.gov.ye
www.ysrf.org.ye,www.ysrf.org.ye,ysrf.org.ye
www.zakat.ye,www.zakat.ye,zakat.ye
www.zgos.com.ye,www.zgos.com.ye,zgos.com.ye
www.zjos.com.ye,www.zjos.com.ye,zjos.com.ye
www.zlinkyemen.com.ye,www.zlinkyemen.com.ye,zlinkyemen.com.ye
www.zuhoorpharma.com.ye,www.zuhoorpharma.com.ye,zuhoorpharma.com.ye
y-fpd.org.ye,y-fpd.org.ye,y-fpd.org.ye
y-gsm.com.ye,y-gsm.com.ye,y-gsm.com.ye
y-media.ye,y-media.ye,y-media.ye
y.com.ye,y.com.ye,y.com.ye
y.gov.ye,y.gov.ye,y.gov.ye
y.net.ye,y.net.ye,y.net.ye
y.ye,y.ye,y.ye
yaam.srs-mohe.gov.ye,yaam.srs-mohe.gov.ye,srs-mohe.gov.ye
yala.org.ye,yala.org.ye,yala.org.ye
yamaan.org.ye,yamaan.org.ye,yamaan.org.ye
yaman.e-learning-moe.edu.ye,yaman.e-learning-moe.edu.ye,e-learning-moe.edu.ye
yamania.gov.ye,yamania.gov.ye,yamania.gov.ye
yaser.com.ye,yaser.com.ye,yaser.com.ye
yba.org.ye,yba.org.ye,yba.org.ye
ybrd.com.ye,ybrd.com.ye,ybrd.com.ye
yca.edu.ye,yca.edu.ye,yca.edu.ye
ycb.com.ye,ycb.com.ye,ycb.com.ye
yccsw.gov.ye,yccsw.gov.ye,yccsw.gov.ye
ycfms.com.ye,ycfms.com.ye,ycfms.com.ye
ycgsi.com.ye,ycgsi.com.ye,ycgsi.com.ye
ych.com.ye,ych.com.ye,ych.com.ye
ycomd.com.ye,ycomd.com.ye,ycomd.com.ye
ycpa.ye,ycpa.ye,ycpa.ye
ycpd.com.ye,ycpd.com.ye,ycpd.com.ye
ye-cement.com.ye,ye-cement.com.ye,ye-cement.com.ye
ye.net.ye,ye.net.ye,ye.net.ye
yeahmoney.net.ye,yeahmoney.net.ye,yeahmoney.net.ye
yec.com.ye,yec.com.ye,yec.com.ye
yec.edu.ye,yec.edu.ye,yec.edu.ye
yeco.com.ye,yeco.com.ye,yeco.com.ye
yeconstmarine.com.ye,yeconstmarine.com.ye,yeconstmarine.com.ye
yectv.edu.ye,yectv.edu.ye,yectv.edu.ye
yectv.ystream.ye,yectv.ystream.ye,ystream.ye
yellow.com.ye,yellow.com.ye,yellow.com.ye
yellow.ye,yellow.ye,yellow.ye
yellowpages.com.ye,yellowpages.com.ye,yellowpages.com.ye
yemac.com.ye,yemac.com.ye,yemac.com.ye
yemen-cardio.org.ye,yemen-cardio.org.ye,yemen-cardio.org.ye
yemen-cement.com.ye,yemen-cement.com.ye,yemen-cement.com.ye
yemen-environment.gov.ye,yemen-environment.gov.ye,yemen-environment.gov.ye
yemen-media.gov.ye,yemen-media.gov.ye,yemen-media.gov.ye
yemen-net.com.ye,yemen-net.com.ye,yemen-net.com.ye
yemen-tv.net.ye,yemen-tv.net.ye,yemen-tv.net.ye
yemen-wallet.com.ye,yemen-wallet.com.ye,yemen-wallet.com.ye
yemen-wallet.ye,yemen-wallet.ye,yemen-wallet.ye
yemen.aden.tours.com.ye,yemen.aden.tours.com.ye,tours.com.ye
yemen.com.ye,yemen.com.ye,yemen.com.ye
yemen.gov.ye,yemen.gov.ye,yemen.gov.ye
yemen.net.ye,yemen.net.ye,yemen.net.ye
yemenacademy.edu.ye,yemenacademy.edu.ye,yemenacademy.edu.ye
yemenalmufaddal.com.ye,yemenalmufaddal.com.ye,yemenalmufaddal.com.ye
yemenbarcode.gov.ye,yemenbarcode.gov.ye,yemenbarcode.gov.ye
yemenbasketball.com.ye,yemenbasketball.com.ye,yemenbasketball.com.ye
yemencare.org.ye,yemencare.org.ye,yemencare.org.ye
yemencon.com.ye,yemencon.com.ye,yemencon.com.ye
yemendoc.ye,yemendoc.ye,yemendoc.ye
yemeneng.org.ye,yemeneng.org.ye,yemeneng.org.ye
yemenexam.gov.ye,yemenexam.gov.ye,yemenexam.gov.ye
yemenexams.ye,yemenexams.ye,yemenexams.ye
yemenfw.ye,yemenfw.ye,yemenfw.ye
yemengov.ye,yemengov.ye,yemengov.ye
yemengulfbank.com.ye,yemengulfbank.com.ye,yemengulfbank.com.ye
yemeni-women.org.ye,yemeni-women.org.ye,yemeni-women.org.ye
yemenia.com.ye,yemenia.com.ye,yemenia.com.ye
yemeniapps.ye,yemeniapps.ye,yemeniapps.ye
yemeninfo.gov.ye,yemeninfo.gov.ye,yemeninfo.gov.ye
yemenmarine.com.ye,yemenmarine.com.ye,yemenmarine.com.ye
yemenmobile.com.ye,yemenmobile.com.ye,yemenmobile.com.ye
yemenmobile.gov.ye,yemenmobile.gov.ye,yemenmobile.gov.ye
yemenmobile.net.ye,yemenmobile.net.ye,yemenmobile.net.ye
yemenmoroco.com.ye,yemenmoroco.com.ye,yemenmoroco.com.ye
yemennet.com.ye,yemennet.com.ye,yemennet.com.ye
yemennet.ye,yemennet.ye,yemennet.ye
yemenparliament.gov.ye,yemenparliament.gov.ye,yemenparliament.gov.ye
yemenpolice-ac.gov.ye,yemenpolice-ac.gov.ye,yemenpolice-ac.gov.ye
yemenprojectcode.com.ye,yemenprojectcode.com.ye,yemenprojectcode.com.ye
yemenrobot.com.ye,yemenrobot.com.ye,yemenrobot.com.ye
yemenrobot.net.ye,yemenrobot.net.ye,yemenrobot.net.ye
yemenrobot.ye,yemenrobot.ye,yemenrobot.ye
yemenrtv.net.ye,yemenrtv.net.ye,yemenrtv.net.ye
yemensadad.net.ye,yemensadad.net.ye,yemensadad.net.ye
yemensky.com.ye,yemensky.com.ye,yemensky.com.ye
yemensoft.com.ye,yemensoft.com.ye,yemensoft.com.ye
yemenstores.com.ye,yemenstores.com.ye,yemenstores.com.ye
yementhabat.org.ye,yementhabat.org.ye,yementhabat.org.ye
yementimes.y.net.ye,yementimes.y.net.ye,y.net.ye
yementourism.gov.ye,yementourism.gov.ye,yementourism.gov.ye
yementrack.com.ye,yementrack.com.ye,yementrack.com.ye
yementrack.ye,yementrack.ye,yementrack.ye
yementv.ye,yementv.ye,yementv.ye
yemenvision.gov.ye,yemenvision.gov.ye,yemenvision.gov.ye
yesa.com.ye,yesa.com.ye,yesa.com.ye
yetp.org.ye,yetp.org.ye,yetp.org.ye
yfd.org.ye,yfd.org.ye,yfd.org.ye
yfl.com.ye,yfl.com.ye,yfl.com.ye
yfsco.net.ye,yfsco.net.ye,yfsco.net.ye
yft-co.com.ye,yft-co.com.ye,yft-co.com.ye
yfw.com.ye,yfw.com.ye,yfw.com.ye
yfw.ye,yfw.ye,yfw.ye
ygc.gov.ye,ygc.gov.ye,ygc.gov.ye
ygsmrb.org.ye,ygsmrb.org.ye,ygsmrb.org.ye
ygsmrbmail.ygsmrb.org.ye,ygsmrbmail.ygsmrb.org.ye,ygsmrb.org.ye
yiig.gov.ye,yiig.gov.ye,yiig.gov.ye
yinor.com.ye,yinor.com.ye,yinor.com.ye
yipo.gov.ye,yipo.gov.ye,yipo.gov.ye
yjmhr.edu.ye,yjmhr.edu.ye,yjmhr.edu.ye
yju.edu.ye,yju.edu.ye,yju.edu.ye
yk-bank.com.ye,yk-bank.com.ye,yk-bank.com.ye
yki-bank.com.ye,yki-bank.com.ye,yki-bank.com.ye
ykrdc.com.ye,ykrdc.com.ye,ykrdc.com.ye
ylmc.com.ye,ylmc.com.ye,ylmc.com.ye
ylngbalhaf.com.ye,ylngbalhaf.com.ye,ylngbalhaf.com.ye
ym-idc.gov.ye,ym-idc.gov.ye,ym-idc.gov.ye
ym.net.ye,ym.net.ye,ym.net.ye
ym.ye,ym.ye,ym.ye
ymail.ye,ymail.ye,ymail.ye
ymc.com.ye,ymc.com.ye,ymc.com.ye
ymd.com.ye,ymd.com.ye,ymd.com.ye
ymobile.com.ye,ymobile.com.ye,ymobile.com.ye
ymoss.com.ye,ymoss.com.ye,ymoss.com.ye
ymp.ye,ymp.ye,ymp.ye
yms.gov.ye,yms.gov.ye,yms.gov.ye
yn.net.ye,yn.net.ye,yn.net.ye
yn.ye,yn.ye,yn.ye
yncecs.gov.ye,yncecs.gov.ye,yncecs.gov.ye
ynm.ye,ynm.ye,ynm.ye
ynt.com.ye,ynt.com.ye,ynt.com.ye
yogc.com.ye,yogc.com.ye,yogc.com.ye
yos.org.ye,yos.org.ye,yos.org.ye
yostours.com.ye,yostours.com.ye,yostours.com.ye
you-tele.com.ye,you-tele.com.ye,you-tele.com.ye
you.com.ye,you.com.ye,you.com.ye
yp-trading.com.ye,yp-trading.com.ye,yp-trading.com.ye
ypc.gov.ye,ypc.gov.ye,ypc.gov.ye
ypg.com.ye,ypg.com.ye,ypg.com.ye
ypl.ye,ypl.ye,ypl.ye
ypo.gov.ye,ypo.gov.ye,ypo.gov.ye
yqnfoundation.com.ye,yqnfoundation.com.ye,yqnfoundation.com.ye
yradio.gov.ye,yradio.gov.ye,yradio.gov.ye
yrcs.org.ye,yrcs.org.ye,yrcs.org.ye
yrsgisc.gov.ye,yrsgisc.gov.ye,yrsgisc.gov.ye
yrspc.gov.ye,yrspc.gov.ye,yrspc.gov.ye
ysc.org.ye,ysc.org.ye,ysc.org.ye
ysco.com.ye,ysco.com.ye,ysco.com.ye
ysfhcd.org.ye,ysfhcd.org.ye,ysfhcd.org.ye
ysmc.gov.ye,ysmc.gov.ye,ysmc.gov.ye
ysmo.ye,ysmo.ye,ysmo.ye
ysrdc.gov.ye,ysrdc.gov.ye,ysrdc.gov.ye
ysrf.org.ye,ysrf.org.ye,ysrf.org.ye
ystream.ye,ystream.ye,ystream.ye
ytc.y.net.ye,ytc.y.net.ye,y.net.ye
ytcc.com.ye,ytcc.com.ye,ytcc.com.ye
ytel-niit.com.ye,ytel-niit.com.ye,ytel-niit.com.ye
ytelecom.com.ye,ytelecom.com.ye,ytelecom.com.ye
ytelecom.net.ye,ytelecom.net.ye,ytelecom.net.ye
yuniv.edu.ye,yuniv.edu.ye,yuniv.edu.ye
zakat.ye,zakat.ye,zakat.ye
zentiva.com.ye,zentiva.com.ye,zentiva.com.ye
zgos.com.ye,zgos.com.ye,zgos.com.ye
zjos.com.ye,zjos.com.ye,zjos.com.ye
zlinkyemen.com.ye,zlinkyemen.com.ye,zlinkyemen.com.ye
zubayen.ye,zubayen.ye,zubayen.ye
zuhoorpharma.com.ye,zuhoorpharma.com.ye,zuhoorpharma.com.ye
